date,company,title,label
2021.11.03,카카오페이,카카오페이 오늘 상장 카카오패밀리 흥행 계보 이을까카카오페이 역시 뜨거웠다따상 은 못갔지만 카카오페이 한때 시총 13위류영준 카카오페이 대표 전 국민 생활 금융 플랫폼으로 도약카카오페이 역시 뜨거웠다따상 은 못갔지만 카카오페이 한때 시총 13위카카오페이 화려한 데뷔 와 함께 카카오뱅크 급락카카오 브레이크 없는 인수합병 3개월간 계열사 14곳 신규편입대기업 계열사 석달새 52개 증가 카카오 신규편입 14개로 최다대기업집단 계열사 석달 새 52개 늘어바짝 다가온 마이데이터 시대 핵심 전략 미리본다자영업자 돕는 줄 알았어요 중고사기 연루 여고생의 후회,2.0
2021.11.04,카카오페이,카카오페이 공모가 2배 넘어 카카오그룹 시총 116조원 재계 5위카카오페이 코스피 성공적 데뷔 시총 13위 등극카카오페이 시총 25조 KB금융 넘어따상 은 못했어도 카카오페이 상장 첫날 선방어 카카오페이 매도가 왜 안 되지 거래소 회선 또 말썽카카오페이 상장 첫날 시총 13위 등극 따상 실패에도 KB금융 따돌렸다카카오페이 세 번 도전 끝 코스피 안착 공모가 2배 웃돌아공격 확장 하는 카카오페이 마이데이터 MTS 보험 사업에 대규모 투자대세는 MTS MZ들 주식거래 판까지 뒤집었다대형 공모주 상장 첫날 또 증권사 거래시스템 일시 먹통시련의 계절 끝났나 카겜 카뱅 반등 시동 걸었다대형 공모주 상장 첫날 또 증권사 거래시스템 일시 먹통시련의 계절 끝났나 카겜 카뱅 반등 시동 걸었다모빌리티 3파전 핀테크로 확전다시 무너진 삼천피신작 리니지W 오늘부터 글로벌 오픈 엔씨소프트 옛 명성 회복 사활 건 게임골드만삭스 서울지점 인사 이석용 박지은 본부장 승진실적의 힘 Z홀딩스 급등 라인과 시너지는 아직카카오페이 상장 첫날 단숨에 시총 13위 금융주 2위 올라하반기 IPO 최대어 카카오페이 코스피 성공적 데뷔몸집 불린 카카오 카카오뱅크 카카오페이 카카오게임즈 한지붕 시총 전쟁카카오페이 상장 첫날 공모가 2배 19만3000원 찍었다카카오 3분기 역대 최대 실적 시장 전망치엔 못 미쳐뱅크냐 페이냐 집안싸움 된 카카오금융 시총 경쟁카카오그룹 단숨에 시총 넘버5 내년엔 몸집 더 불린다카카오 최대 실적에도 표정관리 상생 또 상생 강조했다카카오 3분기 역대 최대 실적 네이버도 넘어섰다 종합카카오 또 또 최대실적 여민수 카카오T 이용자 3000만명네이버 출신 김범수가 15년 만에 네이버를 제쳤다 종합미래 가불해 오늘만 살자는 건가,0.0
2021.11.05,카카오페이,상장 이틀째 카카오페이 12%대 하락 시총 18위로 털썩콘텐츠 날개 단 카카오 네이버도 제쳤다카카오페이 상장 이틀만에 주르륵오버행 우려 현실로 카카오페이 상장 둘째날 급락카카오 처음으로 네이버 제쳤다플랫폼 규제 딛고 네이버 제친 카카오 게임 웹툰 고공행진전방위 대출규제 불똥 수입 쪼그라든 핀테크카카오그룹 엇갈린 시총 희비카카오 자산 시가총액 이어 매출도 네이버 제쳤다3분기 135억 더 팔았다 카카오 네이버 첫 추월디어유 지오엘리먼트 다음주 알짜 새내기 기대되네,1.0
2021.11.07,카카오페이,은행 1% 후반대 예금 속속 등장 저축 은 2%대 상품 다양오픈뱅킹 불참 카카오페이증권 사용자 불편 가중카카오페이에 대형 금융지주도 참전 손해보험 지각판 출렁분위기 달라졌다 카카오에 다시 찬사 보내는 증권가 이유는디카르고 유통량 조작설 논란에 시세 폭락 업비트 소명하라,0.0
2021.11.08,카카오페이,두달새 조 판 연기금 콘텐츠 는 담았다IPO 증시 호황에 IB 수익률도 쑥쑥 NH 한투 이어 삼성도 영업익 1조엔씨 리니지W 사흘만에 매출 1위 기염자산가 대출도 틀어막는다 금융당국 금소법 엄격 적용은행 플랫폼 경쟁 본격화하나 당국 규제완화 예고카드론 규제에 수수료 인하 내년 영업이익 3분의 1 감소카드론 규제에 수수료 인하 내년 영업이익 3분의 1 감소마윈 카카오페이 상장 날 8조원 벌었다 인도서 대박시장 우려 날려버린 카카오페이의 힘 플랫폼양극화에 IPO 불패신화 흔들당정 카드 수수료 인하 추진에 카드 노조 실적 악화 반발금융권 고객잡기 아이디어 비대면 간편함에 꽂혔다,0.0
2021.11.09,카카오페이,잘 나가던 카카오 고밸류 선거 벽 부딪혔나더 쉽게 더 빠르게 7천조원 시장 놓고 세계는 페이전쟁줄줄이 상장철회 옥석가리기 본격화LG엔솔부터 현대엔지까지 내년 수조원대 상장 예고물량 앞에 장사없다 증시 나는데 코스피 내리막카카오페이 주가 % 급락 시총 금융주 3위로 밀려보호예수 잠금장치 풀리자 카카오뱅크 주가 급락유동성 봄날 끝 IPO 잔치도 끝났다기울어진 운동장 놓인 카드사 수수료율 0%인데 더 내린다고빅테크 틈새 보험사 보장분석 강화연말 짠테크족 잡아라 저축은행 금리 릴레이 인상,1.0
2021.11.10,카카오페이,서울사랑상품권 운영사업자 공모 카카오 네이버 등 군침엔터주 테마탄 디어유 오늘 상장 따상 가나,0.0
2021.11.11,카카오페이,카카오페이 거래액 매출 3분기만에 작년 넘어 비용 증가에 적자카카오페이 3분기 거래액 매출 쑥카카오페이 3분기 누적 거래액 72조원 돌파 54% 증가카카오페이 3분기 매출액 1149억 전년 48% 증가 누적 3312억HMM 영업익 조 분기 최대 셀트리온 악몽의 성적표오리온 제품 가격 동결에도 호실적3주 앞둔 마이데이터 빨간불카카오페이 알리페이 지분 늑장신고 상장시 제출 거짓 해명카카오페이 3분기 매출 1149억 2020년 동기 대비 48% 증가상장 후 첫 성적표 카카오금융 페이는 적자 뱅크는 최대 순익공모주 열풍 타고 올해 새내기주 수익률도 양호,2.0
2021.11.12,카카오페이,상장 후 첫 실적이 적자 또 주저앉은 카카오페이신작기대에 NHN 한달새 41% 올라상장 전 유보금 나눠먹기 땐 제동 과도한 대주주 사익추구 걸러낸다위메이드 하이브 주가 껑충 게임 콘텐츠 ETF도 씽씽,2.0
2021.11.13,카카오페이,아마존 구글 주식 카카오페이로 1000원어치부터 산다인터넷쇼핑몰서 주식 상품권 구매 가능 해외주식 소수점 매매 이달 시작대출 늘고 금리 올라 역대급 실적 4대 금융지주 날갯짓,1.0
2021.11.14,카카오페이,소문난 잔치 공모주 아직 먹을 것 있다따상 주춤에도 올해 IPO 공모액 20조 돌파 내년 출격하는 대어급은IPO 공모액 20조 넘었다역대급 대어 쏟아진 올해 IPO 공모액 20조원 넘었다NFT로 난리난 K 게임 게임 잘하면 돈도 번다는데 진짜로,1.0
2021.11.15,카카오페이,류영준 카카오페이 대표 우여곡절 끝 코스피 상장 금융 플랫폼으로 입지 다질것 인터뷰끝날 때까지 끝나지 않은 올해 IPO 내년에도 계속NFT 메타버스 열풍에 외국인 기관 몰리는 게임주핀테크 육성엔 동의하지만 동일규제 원칙 소비자 보호 위해 필요신용카드처럼 네이버 쿠팡페이도 규제할까SK바사 카뱅 등 대어급 많았다 올해 IPO 공모액 20조원 돌파해외주식 소수점 거래 20곳서 이르면 이달중 서비스%라도 낮은금리 찾아라상생소비지원금 지급시작 간편결제 통한 대형마트 결제액 다음달 뱉어내야상생소비지원금 지급시작 간편결제 통한 대형마트 결제액 다음달 뱉어내야약속의 11월 외국인 돌아올까올해 IPO 공모액 20조 넘어 9월후 따상 은 2곳뿐가이드라인 개정만 7번 금융권 내년 1월 마이데이터 서비스 버겁다,1.0
2021.11.16,카카오페이,정보보호 허술 네이버파이낸셜 금감원 조사서 첫 제재대출금리 개입 어렵다면서 카드 수수료는 통제하는 정부캐시백 10만원 받을줄 알았는데 통장보고 깜짝 놀랐다카드 노조 빅테크 배만 불리는 적격비용 재산정 폐지하라외인 기관 반도체 개인은 바이오 배터리 담았다카드 노조 빅테크 배만 불리는 적격비용 재산정 폐지하라해외주식 소수점 거래 본격화외인 기관 반도체 개인은 바이오 배터리 담았다상생소비지원금 10월분 캐시백 어제 지급급증한 유상증자 역대급 IPO 주식 공급 쌓이네 수급 불안한 증시이르면 이달 테슬라도 1만원어치 거래 가능내달 마이데이터 시범시행 미성년자에도 문 열린다제13회 스마트금융콘퍼런스 마이데이터 모든 정보 한자리에,1.0
2021.11.17,카카오페이,메리츠금융 카카오페이 내달 코스피 200 편입 기대네이버파이낸셜도 망분리 과태료 제도 개선 시급10만원 캐시백 다시 토해내라 오락가락 정책에 부글부글젊은 감각 결단력으로 무장 네이버 40대 CEO가 온다 네이버 이끌 새 수장은시대 역행하는 망분리 규제달아오른 후불결제 시장 도 춘추전국시대 진입급락해서 팔았는데 3배 급등 IPO 종목 다시 올라탈까 전문가 조언은소비지원금 캐시백 대상 분류 잘못해 10만원 줬다 뺏는다캐피탈 덕에 지방지주 화려한 부활한국 스타트업들 유니콘에 도전하라 우리가 도와줄게거듭된 빅테크 망분리 위반 내 선불충전금은 안전,1.0
2021.11.18,카카오페이,카카오페이 현대 코스피200 편입 기대고승범 카드 수수료 인하 여러 의견들어 결정할 것 상보서울사랑상품권 플랫폼 내년 나온다카카오페이 생체인증 국제표준 FIDO2 인증 획득,2.0
2021.11.19,카카오페이,카카오페이 코스피200 편입 불확실 알리페이 지분이 관건시총은 OK 알리페이 지분이 관건 카카오페이 코스피200 편입 주목카카오그룹주 담는 연기금 빅테크 규제보다 성장에 베팅금융 유목민 시대 데이터 분석력 승부처코스피 짓누르는 대규모 IPO 시총 늘어도 지수는 안오른다데이터 개방 공유 활용 현재와 미래 잇는다제13회 스마트금융 콘퍼런스증시 몰린 동학개미 국민주 올해 7개로 늘었다화장품 위드코로나 화장발 안받네 목표가 줄하향,2.0
2021.11.21,카카오페이,1조원 규모 서울사랑상품권 신한 카카오페이 vs 우리 KT 경합,2.0
2021.11.22,카카오페이,유재석 효과 카카오엔터 장외가 52만원 매물 잠겼다뮤직카우 몸값 1조 핀테크 혁명 시즌2IB부문 적극투자 IPO 일류 입지 굳힐 것테슬라 주 주세요 해외 소수점거래 본격 스타트못해도 연 5 6% 따박따박 최고 배당맛집 은 대신증권똑똑 들어가도 될까요 전 세계 IPO 역대 최대 700조원 당겼다,1.0
2021.11.23,카카오페이,국민은행 Z세대 플랫폼 출시 카카오뱅크 미니에 도전장집토끼 저물고 유목민 시대 온다 새 전략 책임 필요카카오페이 IPO 영향 주식 발행 전월보다 22% 증가카카오페이 보험사 이달 본허가 신청 대리기사 자율주행 등 모빌리티 상품 공략,2.0
2021.11.24,카카오페이,올 코스피 IPO 공모액 17조 사상 최대올 기업공개 사상최대 10월까지 14조마이데이터 참전율 높이는 보험사 실속은거래소 올해 코스피 IPO 공모금액 기업시총 역대 최대규제 중심 정책에 핀테크 후진국 전락 위기류영준 갈 길 먼 핀테크 규제보다 육성에 집중해야올 기업공개 사상최대 10월까지 14조마이데이터 참전율 높이는 보험사 실속은류영준 핀테크산업협회장 전금법에서 종지업이 최우선 아니다,0.0
2021.11.25,카카오페이,확 바뀌는 서울사랑상품권 카카오페이로도 쓴다카카오페이 현대 등 코스피200 신규 편입구독료 10% 클레이로 페이백핀테크 순위 8계단 떨어진 편리함 막는 과다한 규제가 발목서울사랑상품권 카드결제 가능해진다BBIG 성장에 코스피 IPO 공모 시총 조 역대최대빅테크 종합지급결제 허용보다 전금법 개정안 빠른 통과가 우선BBIG 성장에 코스피 IPO 공모 시총 조 역대최대코스피 신규 상장사 10년만에 최대 17 조달했다서울사랑상품권 판매대행 신한컨소시엄 선정빅테크 종합지급결제 허용보다 전금법 개정안 빠른 통과가 우선보이스톡 카카오페이 성공시킨 개발자 카카오 공동 대표로코스피200 정기변경 최대 수혜주는 카카오페이올해의 K 모바일 스타 수퍼빈 네프론 비대면 ESG 읽었다코스피200 정기변경 최대 수혜주는 카카오페이올해의 K 모바일 스타 수퍼빈 네프론 비대면 ESG 읽었다,0.0
2021.11.26,카카오페이,카카오페이 신원근 신임 대표이사 내정자카카오 새 대표에 류영준 여민수와 투톱카카오페이 메리츠화재잇단 호재에 연기금 사자 카카오페이 급등카카오 4형제 에 꽂힌 외인 하루 1 900억 순매수빅테크 뛰어든 보험업계 기울어진 운동장 바로잡는다재계 세대교체 거센 바람카카오 4형제 에 꽂힌 외인 하루 1 900억 순매수재계 세대교체 거센 바람개발자 출신 류 CEO 합류 소셜 임팩트 탄력 붙는다금융실적없는 1200만명 잡아라 빅테크 전쟁빅테크 뛰어든 보험업계 기울어진 운동장 바로잡는다소강 상태 접어든 IPO 시장 공모주 펀드 자금 썰물LG엔솔 현대ENG 내년 역대급 IPO 시장 열린다금리인상에도 되레 떨어진 금융주카카오페이 신원근 대표 체제로카카오페이 18% 오르며 20만원 첫돌파카카오 형제들에 끼인 셀트리온코스피200 편입한 카카오페이 KB금융 제치고 금융 2대장 등극카카오 여민수 류영준 공동대표 체제로카카오 새 대표에 40대 류영준 여민수와 투톱체제서울시 서울사랑상품권사업 골목상권 침해 우려LG 롯데그룹 혁신 주도할 세대교체 인사 시동,1.0
2021.11.27,카카오페이,증시도 불안불안 하루새 코스피 하락 상품 에 1600억 뭉칫돈공대오빠 류영준 카카오페이에서 카카오로 페이가 그룹중심,1.0
2021.11.28,카카오페이,결제도 헤게모니 쥔 카카오 2년 후엔 시장 지배 우려내년 5000억원 발행되는 서울사랑상품권 앱도 바뀌고 결제도 바뀌고,1.0
2021.11.29,카카오페이,뉴페이스 최수연 vs 11년 토박이 류영준 신사업 시험대 오른 네이버네카오의 뉴리더십 3대 과제는 비즈니스모델 강화 글로벌 M A 빅테크 규제 대응잔돈 모아 종잣돈 키워주는 간편결제 앱 체크카드새 서울사랑상품권 공공성 뒤에서 수익성만 챙기나네이버 카카오 현금자산 20% 상승인뱅 중저신용자 비중 20% 벽 넘을까한정판 케익 예약해 크리스마스 즐겨볼까목돈 없는 초보자 공모주 아파트 청약 도전하라,0.0
2021.11.30,카카오페이,카카오 무섭네 카뱅 페이 시총 4대 금융지주 넘어섰다라이언이 알려주는 보험 지식 내년 카카오페이 손보 나온다MZ세대 잡겠다 삼성생명 토스와 동맹보험업계 1위 삼성생명 토스와 제휴 토스에서 보험 가입 가능해진다오미크론 패닉셀에도 코스피 2900 지켰다 2주 뒤가 관건뉴 삼성 핵심 성과 수평 급변하는 경영환경 대응증권 신탁 리츠 안 가리고 판교빌딩 제발 저희한테 파세요오미크론 패닉셀에도 코스피 2900 지켰다 2주 뒤가 관건당구의 신 30개팀 명승부내달 10일 디지털금융 포럼 2021 웨비나시장친화적 금융감독개미 위축에 키움증권 10만원도 위태개미 위축에 키움증권 10만원도 위태달러예금 환차익 세금 안떼 공격투자 원한다면 달러ETF,2.0
2021.12.01,카카오페이,카카오그룹 LG 현대차 제치고 시총 3위 등극12월 1일부터 17개 금융사 마이데이터 시범 서비스지역화폐 취지 제대로 지키려면흩어진 정보 모아 맞춤 재테크 마이데이터 서비스 시작따상 은 없어도 11월 상장 새내기주 성적표 나쁘지 않네증시 때린 오미크론 공포 코스피 70P 폭락올해 상승분 싹다 반납한 코스피 증권가 2790이 1차 지지선베일 벗은 내 손의 금융비서 금융사vs빅테크 고객 선점 사활베일 벗은 내 손의 금융비서 금융사vs빅테크 고객 선점 사활이 구역 1인자 나야 금융권 vs 빅테크보이스톡 신화 개발자 출신 CEO 혁신 DNA로 글로벌 카카오 도약카카오 미래센터장에 남궁훈 게임즈 대표글로벌 투자받은 피플펀드 골드만삭스 등서 759억원 유치가상자산 조회 카드 과소비 땐 경고음정치후원금 기부도 정치 참여모더나 CEO 기존 백신 효과 적을 것 한마디에 코스피 급락,2.0
2021.12.02,카카오페이,빅테크에 맞서 싸우자 카드사 페이앱 호환비대면 서비스 강화하는 HUG 네이버 카카오서 보증 상담마이데이터 첫발 증권사 은행 카드 플랫폼 차별화 불붙는다P2P금융기업 피플펀드 베인 등서 759억 투자유치카카오페이 금융위에 디지털 손보사 본인가 신청카카오페이 당국에 디지털손보사 본인가 신청보험업 진출 카카오페이 내년 초 디지털손보사 출범제로페이까지 먹는 카카오 40만 가맹점 정보 가져간다내년 빅테크 보험사 출범 눈앞내년 지역화폐 발행 증액 기대감 수혜주 주가 반등희망2022 나눔캠페인,0.0
2021.12.03,카카오페이,서울사랑상품권 결제 제로페이에서 카카오페이로 바뀐다는데마이데이터 서비스 참 편한데 아직 안 되는 게 많네업비트 국내 회원수 890만명 국내 최대 투자자보호 센터 운영카카오페이 디지털 손해보험사 본인가 신청 내년초 출범 드라이브월 매출 1000만 원인데 수입은 200만 원분할상장 SK텔레콤 스퀘어 상승 탄력 카카오페이도 화제가족명의 도용해 현금 빼가고 대출 핀테크 비대면 본인확인 문제 노출핀테크의 도발은 계속 돼야한다요즘 핫한 NFT 잘 아시나요 사실 모릅니다서로 다른 마이데이터 전략 문 여는 카드사 벽 치는 은행잘 고른 신카 하나 열 구독 거뜬하죠,0.0
2021.12.04,카카오페이,고래 메기 보험판 흔들 카카오손보 온다,0.0
2021.12.05,카카오페이,11월 새내기 75% 12월 둘째주 오토엔 KTB네트워크 출격고승범 금융위원장 디지털 금융혁신 전략 마련 동일기능 동일규제 원칙은 고수,1.0
2021.12.06,카카오페이,이번엔 헬스케어 빅테크 행보에 보험업계 긴장정부는 코인에 권력을 넘겨줄까11월 코스피 지지부진 상장 새내기는 수익률 70%카카오페이 토스 등 투자 막힌 온투업계 각자도생 나섰다카카오 가상자산 플랫폼 품는다시동 건 카카오만의 유니버스 구축IPO시장 찬바람 그래도 눈 여겨봐야 할 공모주는세자릿수 채용 나서는 당근마켓 적자 지속에도 업계 최고 대우새싹 고객을 잡아라 은행권 타깃 마케팅 경쟁 치열 마이머니,1.0
2021.12.07,카카오페이,역대 최다 기업공개 남의 일 부산은 코스닥에 달랑 1곳외국인의 귀환 판가름할 네 마녀의 날동료 데려오면 500만원 주3일만 회사 오세요 은행들 개발자 파격대우카톡 토스처럼 보험사들 디지털 전환 속도MZ 비금융 진출은 생존과제 은행 플랫폼 격전장 된 대학1회 인증에 내 모든 금융정보 확인 6개 시중 등 17개 금융사 참여국내 첫 돈 버는 게임 에 15만명 몰렸다 기존게임 질려서30대 그룹 최연소 임원은 88년생 69년생 이하 절반 육박프로젝트 실무 보고 뽑자 IT기업 신개념 공채 바람,0.0
2021.12.08,카카오페이,권형택 주택도시보증 사장 수년간 전세살이 서민들 고충 잘 알죠LG에너지솔루션 희망공모가 만 30만원계좌번호 없이 QR 송금 O2O 플랫폼 돈냥이코스피200 새 종목 대차잔액 쑥 커지는 공매도 우려,1.0
2021.12.09,카카오페이,카카오페이 비즈니스 매출 관리 멤버십 무료 제공당국 출신 줄줄이 디지털 금융사로 규제 대응은 누가갤Z 플립3가 3만원 폰파라치 공백 현실화카카오페이 김대홍 이승효 공동대표로카카오페이 서울사랑상품권에도 통할까유니콘 고공 행진을 보는 다른 시선핀테크 업계 비교 추천 서비스 규제 풀어달라 성토서울 중구 2021년 하반기 자동차세 부과나눔은 사회백신 온정 넘치는 연말SK바사 공모가 대비 261% 상승 전 세계 IPO 1위,1.0
2021.12.10,카카오페이,카카오페이증권 공동대표 김대홍 이승효씨 내정쿠콘 API 카카오페이 비즈니스 앱 에 탑재오늘의 증시 메모 12월 10일생보사 빅테크 잇단 동맹 독일까 약일까오늘의 증시 메모 12월 10일생보사 빅테크 잇단 동맹 독일까 약일까연예기획사도 뛰어든 블록체인 기업에 취업 관심 쑥오늘의 증시 일정 12월 10일1호 테크핀 카카오페이증권 공동대표 이승효 김대홍 내정미래 성장 기업가치 제고 힘싣는다삼성전자 외하이투자증권 사장에 홍원식씨은행권 생활플랫폼 사업 진출 기대감 꺾이나,1.0
2021.12.12,카카오페이,상장 한달 된 카카오페이 경영진 자사주 대거 처분아는 만큼 싸게 산다 연말 쇼핑대목 스마트한 소비하려면82년생 CEO 청바지 입은 금융맨 보수적인 금융회사가 달라졌다,2.0
2021.12.13,카카오페이,정부 국회 카드 수수료 인하안 막판 조율중언제 어디서나 보는 넷플릭스처럼 금융도 소비자 중심 서비스 내놔야역대급 실적 대신증권 높아지는 배당 기대감한경 삼정KPMG 디지털금융 포럼 출범전통 금융사 테크 DNA 심어야 산다서울시민 누구나 자가건강관리 쉽게카카오페이 경영진 지분 매각에 이틀째 약세 고평가 우려서울사랑상품권 내년부터 신용카드 구매 가능해진다금융권 세대교체 바람부나 50대 초중반 CEO 발탁 잇따라샴페인 술술 팔리네 편의점 매출 축배 한입뉴스아마존 비자 전쟁 부른 BNPL 카드업계 나 떨고 있니,0.0
2021.12.14,카카오페이,카카오페이 거품론 기름 부은 CEO연말맞이 샴페인 돌풍 세븐일레븐 기획상품 30분만에 완판올해 IPO 시장 역대최대 내년초에도 초대어 나온다펀드에 돈 쌓이자 자산운용사 사자 4년만에 최대IT공룡기업 사표내고 벤처로 유니콘 찾아 떠나는 인재들서울사랑상품권 2022년부터 신용카드로 구매 가능롤러코스터 탄 IPO고용철 샵온에어 대표 사업자 소비자 결제수수료 부담 우리가 줄이겠다유증청약 완판 자이언트스텝 경영진은 팔고 개미들은 샀다고용철 샵온에어 대표 사업자 소비자 결제수수료 부담 우리가 줄이겠다유증청약 완판 자이언트스텝 경영진은 팔고 개미들은 샀다로그인 안해도 메뉴 보여요 위기의 은행들 앱 갈아 엎는다,1.0
2021.12.15,카카오페이,카카오페이로 자동차세 내세요김대홍 카카오페이증권 대표 투자도 플랫폼 시대 게임체인저 되겠다카카오페이증권 MTS 내년 초 출격 주린이 고수 겨냥카카오 올해 몸값 상승률 톱 SK도 약진올해 역대 최대 공모주 시장 열기 내년에도 이어질 듯FOMC 앞두고 부담 다시 3000선 밑돈 코스피카카오페이 안면인식 결제시장 진출카카오페이 혁신하랬더니 먹튀카카오 패밀리의 희노애락고승범 빅테크의 독점 영업행위 규제로 감독할 것불안한 내년 증시 공모주펀드에서 기회 찾아야금융 생활서비스 맞춤제공 슈퍼 앱 뜬다고승범 금융위원장 데이터 독점시 영업 규제할 것,2.0
2021.12.16,카카오페이,마이너스의 손 연기금 베팅한 카카오페이 주저앉았다홈파티 용품 선물 할인 집콕 성탄절 즐겨볼까M A 흥행에 외국계 잇단 임원승진고승범 빅테크의 독점 영업행위 규제로 감독할 것공모가 이하 수두룩한데 수익률 넘사벽인 공모주는판 커진 공모시장 주관사 경쟁 빅3 아성 흔들은행 앞마당 털리고 빅테크 정보는 반쪽 만,1.0
2021.12.17,카카오페이,금융당국 빅테크 관리감독 검토 공정위와 협업해 독점 막는다보호 장치 없는 빅테크 위험 유발 가능성 있어이번 달 4조 내다 판 개미 삼전 SK하이닉스 대거 매도,1.0
2021.12.18,카카오페이,카카오페이 삼성카드와 신용평가모델 공동개발정당한 재산권 행사 vs 명백한 투자자 기망동학개미 왕창 사들인 지난 1월 고점이었다 10개 종목중 8개 손실내년은 유니콘의 해 컬리 쏘카 1월 예심청구믿었더니 배신 금융위가 잘 봐줬던 빅테크에 칼 뺀 이유,1.0
2021.12.19,카카오페이,시들한 삼성페이 카드사 오픈페이도 난항 예고,0.0
2021.12.20,카카오페이,SK 42조 늘고 카카오그룹 3배 뛰었다역대급 대어 줄줄이 입성 115개사 공모액만 20조 2021 증시 결산 1 공모주 열풍언택트 바이오 성장에 그룹 시총 지각변동KB 신한금투 한투 실적 잔치 증권사 대표 줄연임코로나에 카드모집인 급감 8000명대 겨우 유지금융위원장이 안 좋아해 눈치 살피는 핀테크사,0.0
2021.12.21,카카오페이,디자인 혜택 내 마음대로 카카오페이머니카드3 출시비트코인 투자시장 주류로 NFT 메타버스 돌풍도 거셌다카카오뱅크에 내준 금융 주도권 되찾아올 카드디지털 보험사가 판 흔든다 캐롯손보 손해보험 CM채널 3% 점유영토확장 기회 금융마저 뺏길라 사활 건 마이플랫폼 전쟁두나무에 넣은 2억이 2조로 21곳이 도운 당근마켓은 3조 로디지털 금융 메기 의 나비효과LG엔솔 현대ENG 쓱닷컴 내년 IPO 30조 시장 열린다비투엔 오픈랩스 데이터 처리 가상화 기술 개발 1년간 9억 공동 투자 진행,0.0
2021.12.22,카카오페이,M A 전문가 중용 조직신설 격상 뉴노멀 준비 박차IPO 대어 쓸어담는 연기금보험사보다 친절한 카카오 네이버대출 2억 넘는 263만명 내년 추가대출 절벽지난달 국내주식 발행액 전달 22% 줄어11월 주식 발행 전월 % 대형 IPO 감소 영향하늘길 막힌 면세품 온라인 편의점 카톡선물하기 입점,1.0
2021.12.23,카카오페이,네이버 카카오 철퇴 맞았다 정부 금융사에 광고비용 전가 말라핀테크산업협회장 인선 막 올랐다구글플레이 정기구독 결제 낚시질 막는다책임경영 제고 최윤호 삼성SDI 사장 취임 후 첫 자사주매입메타버스 품은 네이버 시총 100조 정조준메리츠화재 카카오페이와 보험 개발 업무협약LG에너지솔루션 임인년 IPO 시장 시금석될까내년 IPO 더 큰 장 열린다토스는 빅테크가 아니다,0.0
2021.12.24,카카오페이,수수료 규제 없는 빅테크 페이 카드사 기울어진 운동장 반발운용사들은 지금 SK그룹 쓸어 담는다올해 비상장 주식시장 트렌드장 마감 후 기업공시 12월 23일오늘의 증시 일정 12월 24일오늘의 증시 메모 12월 24일카카오페이 조선호텔 갤러리아 이케아서도 결제 가능카드 저축은행 코로나에도 호실적 내년 수수료 대출규제 관건퀀텀점프 노린다 투자자금 쓸어담는 온투업계,1.0
2021.12.25,카카오페이,스톡옵션 행사 제한 카카오페이식 먹튀 막는다조선호텔 갤러리아 이케아 카카오페이 통해 결제 가능코스피 최고점 3305 해외투자 잔액 1000억마이데이터 전면시행 D 5 빅테크는 뒤늦게 참여 서비스 담금질 한창,2.0
2021.12.26,카카오페이,오픈뱅킹 2년 소액 이체 급증,0.0
2021.12.27,카카오페이,올해 쌓인 포인트만 3000만원 MZ 사로잡은 플랫폼 포인트빅테크 간편결제는 놔두고 카드업계 역차별 불만 증폭올해 IPO 20조 사상최대 임인년 30조 폭발 호랑이 기운 받는다텐센트 한국 베끼기로 시작 중국 대륙의 지배자 되다카드사 노조도 수수료 인하로 일자리 잃는다 반발보안 편의 차별성 무기 마이데이터 세 토끼 잡나카드사 점유율 대형 vs 중소형 격차 더 벌어졌다세틀뱅크 안정적 수익 바탕으로 종합플랫폼 큰 그림답정너 식 카드 수수료율 재산정 방식,1.0
2021.12.28,카카오페이,카카오페이 삼성카드에 대안신용평가 정보 제공윤석열 증권거래세 폐지 주가 급락땐 공매도 자동 금지내년부터 규제 강도 더 세진다 기울어진 운동장 정조준데이터 자본주의 가 왔다혁신 메기 의 배신 전방위 규제 본격화연기금 올해 코스피 순매도 역대 최대 그래도 산 종목은디지털정부 내년에는 더 섬세해진다,1.0
2021.12.29,카카오페이,삼성전자 10조원 내다 판 연기금 크래프톤 삼바 카카오페이 샀다4 중기 벤처 스타트업 규제개혁 전통제조업 DX 시급카뱅 휴면예금 보험금 찾기 간편한 인증덕에 200억 돌파,0.0
2021.12.30,카카오페이,카카오페이 류영준의 도전과 오명카카오 문어발 확장 상생 요구 빗발 키워드로 보는 2021 산업네이버 쇼핑 야후재팬과 강한 협력 모델 구축 대만 스페인도 진출쪼그라드는 금융산업 성장판 다시 열어라삼천피 천스닥 서학개미 올해 증시 뜨겁게 달궜다예상 가치 수조원대 기업 줄줄이 내년 IPO 신기록 행진 이어지나동학개미 표심 잡는 대선주자들 현실은 글쎄,0.0
2021.12.31,카카오페이,푼돈 모아 카카오페이 펀드에 1조원3000 못 넘어선 코스피 내년 증시 반등여력 높다올해 개인 순매수 상위 10종목 평균 % 손실2021 증시 폐장 코스피 2977 아쉬운 마감삼성전자만 11조원 연기금 올해 24조원 팔았다삼천피 못지킨 2021 증시 그래도 천스닥 은 꿋꿋모든 유치원 무상급식 새 광화문광장 개장 서울시 새해 달라지는 것은행권 14세 청소년고객 모시기 열풍,2.0
2022.01.02,카카오페이,올해도 IPO의 해 70조원 LG엔솔 연초부터 출격역대급 IPO LG엔솔 사상 최대 13조 쩐의 전쟁 막 올라,2.0
2022.01.03,카카오페이,몸값 1조 넘는 대어만 14곳 대기 공모액 30조 역대급 이어간다연초부터 IPO 대어 몰려온다새해에도 IPO 시장 후끈코스피200 편입 호재인줄 알았는데 빠진 종목 오히려 상승 이유 살펴보니임인년 최대화두는 디지털 혁신 내 손안에 플랫폼 으르렁지방금융그룹 새해 수도권 공략 박차학교 다양한 자기계발 프로그램 경험 취업 후 많은 도움됐죠,1.0
2022.01.04,카카오페이,덩치만 큰 공룡은 죽는다 위기감 느낀 금융지주 회장들의 신년 화두는빅테크를 뛰어 넘어라 신년사로 보는 금융업 화두금융수장들 공룡 결국 멸종 변해야 산다금융 CEO 신년사 화두는 디지털 금융 조직 쇄신멸종될 공룡보다 호랑이 되자 변화 사활건 금융 수장들5대 금융지주 플랫폼 경쟁력 확보 빅테크 핀테크와 경쟁 사활공룡은 결국 멸종한다 비장한 금융권 신년사디지털 전환 저신용자 상품 확대 서민금융 편의성 높여 지속 성장빅테크와 경쟁 디지털화 등 과감한 경영혁신5대 금융 수장들 디지털 플랫폼 초혁신 빅테크에 맞서자새해 경영 화두 냉엄한 현실 인식 원점서 역량 재설계33개 금융 마이데이터 사업자 서비스 시작5년 사이 몸집 10배 불린 서학개미 93조 굴린다작년 성적표 동학개미 5% 서학개미는 무려5년 사이 몸집 10배 불린 서학개미 93조 굴린다작년 성적표 동학개미 5% 서학개미는 무려외상 이 돌아왔다은행 금융플랫폼 구축 에 빅테크 기업대출 로 맞불,0.0
2022.01.05,카카오페이,조건 없이 3% 적립 카카오페이신용카드 출시보험업까지 뻗는 카카오페이 디지털 서비스 무장한 금융권벌새 같은 핀테크의 공습 민첩한 기술력으로 판 뒤집겠다소비습관 분석 맞춤형 상품추천 금융비서 뜬다민첩함 기술력으로 판 뒤집겠다 자신만만 핀테크금융 통신 전자상거래 정보 묶어 관리 마이데이터 전면 시행하나금융 과 한달간 진행 CEO 대상 심층인터뷰도네 카 토 냐 네 카 냐 그것이 문제로다금융자산 한눈에 마이 데이터 업체별로 차이 데이터시들해진 공모주펀드 역대급 IPO에 되살아날까우려와 기대 속 마이데이터 서비스 5일 개막신한 자사주 매입 소각 주가부양 저울질요소 등 1850개 품목 중국산 비율 80% 넘어 이 한국 급소 쥔 꼴API 방식 마이데이터 전면 시행 무엇이 달라지나국경 사라진 데이터 디지털 통상정책 발등의 불쇼핑몰서 돈 너무 써요 나도 모르는 내 소비 알려준다국경 사라진 데이터 디지털 통상정책 발등의 불,1.0
2022.01.06,카카오페이,고점에 던졌나 자사주 1 내다판 CEO들유니버설뱅킹은 무슨 알뜰폰 배달앱 신사업도 2년마다 허가받아야조기 금리인상 우려 기관 매물에 코스피 휘청해외 다녀오면 쌓이는 포인트 밀크코인 통해 국내서 쓰게 만들 것카카오페이의 무늬만 사과리더십 위기빠진 류영준 카카오 노조 대표 선임 철회하라KGC인삼공사 설맞이 정관장 선물 마케팅 포인트 2배 적립,0.0
2022.01.07,카카오페이,류영준 대표 주식 매각 송구 내부서도 면피용 쇼맨십작년 장외 주식시장 거래액 1조4000억 역대 최대 시총 31조스타트업 마이데이터 분담금 형평성 문제 있다하루에만 7600억 공매도 폭탄 타깃은 배터리 핀테크LG엔솔 온다 공모주 펀드에 다시 뭉칫돈상장 한달만에 900억 팔아치운 카카오페이 경영진 주주들 부글부글올들어 시총 11조 증발 카카오의 비명카드사 오픈페이 현실화되나 이르면 상반기 앱카드 호환 가능세뱃돈 간편 송금할게요 X세대도 배 늘었다오늘 밥값 N분의 1로 Z M X세대시총 10위 탈환 포스코의 포효,1.0
2022.01.08,카카오페이,시총 30 날아간 카카오 엔터 IPO 글로벌 사업이 반전계기 될까월급 안 오른 것도 서러운데 은행 대출한도 듣고 울컥케이뱅크 이르면 연내 상장한다시중은행 막혔다면 저축은행 대출 고신용자는 6%대도 가능카카오페이 대표 469억 현금화 파문 확산,1.0
2022.01.09,카카오페이,플랫폼 업계 3월 주총 서 경영체제 대개편카드사 쇼핑몰 입점업체 수수료 폭리 네이버 카카오 6배신임 한국핀테크산업협회장 이근주 정인영 이혜민 대표 3파전새해 연말정산 사설인증서 대격돌12 핀테크 기업이 송금 서비스에 주목하는 이유,2.0
2022.01.10,카카오페이,카카오페이 주식 먹튀 책임져라 카카오 노조 발끈알리페이 걱정말라더니 뒤통수 친 카카오페이 경영진 사과했지만 논란 확산실적부진 CEO 리스크 주가 하락17층 사람있어요 카카오그룹 시총 11조 일주일만에 증발원조 플랫폼 네 카 토 몸집 불리기 가속화신뢰 회복 필요한 주식시장카카오페이 대표 900억대 지분 매각 먹튀 논란이승효 카카오페이증권 공동대표 내정자 카카오페이 주식 거래 출시 주린이도 편하게 사용 가능혁신이 부끄러운 카카오페이 임원들의 모럴해저드카카오 커진 덩치만큼 성숙한 책임 보여야그들만을 위한 쪼개기 상장 모회사 개미는 눈물디지털 전환 사활건 금융권 젊은 리더로 세대교체 바람커뮤니티 쇼핑 노린다 11번가 쇼핑콘텐츠 팁콕 오픈,0.0
2022.01.11,카카오페이,결국 물러난 류영준 카카오 리더십 흔들탄탄대로였는데 류영준 카카오 대표 내정자 결국 사퇴경영진 먹튀 논란에 카카오 시총 7위 추락골목상권 논란에 또터진 악재 카카오 흔들주주 신뢰 깨버린 카카오페이 임원들의 스톡옵션 처분모럴해저드에 개미 곡소리 카카오 직원들도 불만 폭발2920까지 밀린 코스피 카카오는 10만원 깨졌다카카오 CEO 사퇴 10만원 붕괴카카오 약점 노출한 계열사 각자도생 컨트롤타워 정비 시급2920까지 밀린 코스피 카카오는 10만원 깨졌다빅테크에 맞선 카드사들 적과의 동침 상반기 오픈페이 가동 추진황소 기운 싹 사라진 1월 코스피 긴축 공포에 대형주 도 줄줄이 추락맥 못추는 성장주 깜짝실적 로 갈아타라먹튀 논란 류영준 카카오 대표 자진사퇴혁신 IT 대장주의 추락 카카오 시총 32조 증발몰염치한 카카오페이 임원진의 주식 먹튀 논란카카오페이 임원진 먹튀 유감 재발방지책 마련해야상장 직후 대량 주식 처분 개미 뒤통수 친 카카오 경영진카카오 40대 대표 공석 메울 후보군은 정의정 신정환 남궁훈 등 거론20조 증발 카카오 블록체인이 희망기둥뿌리 빼가나 개미 잡는 물적분할CEO가 내 주식 팔았어 돔황차냐 존버냐 개미들 혼란전문가들 가계대출 옥죄기 맞는 방향 디지털 자산 시장 성장할 것로톡 되고 핀테크 안 되고 이중잣대에 신산업 무덤 됐다,1.0
2022.01.12,카카오페이,토스 MZ공략 vs 카카오페이 대중화사면초가 카카오뱅크 결국 금융대장주 내줬다KB국민카드 페이 원앱 프로젝트 시동카카오페이 경영진 주식 먹튀 도덕적 해이 도 넘어먹튀 논란에 회사 안팎서 뭇매 카카오 성장방식 한계 왔나개미 울린 CEO 돌발행동 주주보호 상법 개정 목소리 확산 증권가 덮친 CEO 리스크핀테크 상장을 시작이 아닌 끝으로 여겨 책임경영 절실시행 1년도 안됐는데 더 센 금소법 오나주가 급락에 피 마르는 투자자 테크기업 성공 만능주의 빠졌나계열사 악재 그만 칼 빼든 김범수 카카오 컨트롤타워 만든다카카오 신세계 CEO 리스크 에 개미들 비명 뉴스 투데이소액주주 배신한 카카오페이 경영진의 황당한 스톡옵션 잔치카카오 먹튀 논란 보험업 진출에도 악재로카카오 트리플 악재 에 시총 3위 9위 추락위메이드 가상화폐 1600억 미공시 매도 또 먹튀 논란현대제철 양재동 떠난다 철강사 최초 IT성지 판교팔딱팔딱 공모주 대어들 금리 오르자 시들시들국민기업에 드리운 먹튀 이미지 성장 조급함만 보였나게임 즐기며 돈 버는 P2E 국내 사행성 우려 불법 규정이 변수코리아 디스카운트 문소영 논설위원대장주 체면 구긴 크래프톤 사상 최저가 연일 경신삼성화재 손해보험 부문 21년 연속 톱법률자문 팽창하는 실리콘밸리 법무법인 태평양 판교센터 키운다,0.0
2022.01.13,카카오페이,장현국 위메이드 대표 위믹스 기습매도 없었다 카카오페이와 비교 부당성과 내야 스톡옵션 행사 카카오페이 먹튀 방지 요구 커져카카오는 기술로 말한다 춤추는 증시에도 AI 개발 굳건카카오 내부 단속 힘싣는다 컨트롤타워 역할 강화먹튀 사태 카카오에 큰 상처 직원 경영진 갈등봉합 시급위메이드 코인 기습매도 사실아냐 정기 공시할것추락 카뱅에 금융대장 탈환한 KB금융 초격차 가능할까올해 증시는 오징어게임 확신 대신 유연한 대응이 살길희미해진 김범수 리더십 그립 잡고 상생안 서둘러야LG엔솔 기관주문 1 IPO 자금 충전중간편결제 선불충전금 무서운 성장세IT 공룡 고객 잡아라 로펌들 잇단 판교LG에너지솔루션 유통물량 10%도 안된다 품절주 되나LG엔솔 기관주문 1 IPO 자금 충전중간편결제 선불충전금 무서운 성장세IT 공룡 고객 잡아라 로펌들 잇단 판교LG에너지솔루션 유통물량 10%도 안된다 품절주 되나금융은 직장인만 첫 금융생활은 중 고생부터,1.0
2022.01.14,카카오페이,카카오 계열사 CEO 상장 후 2년까지 주식 못 판다카카오 주가 추락 일단 멈춤 무너진 신뢰 회복이 관건 카카오 전면쇄신먹튀 논란 휩싸인 카카오 계열사 상장 원점 재검토한다가장 주목할 기업인은 이재용 정의선 런정페이 레이쥔 도요다 아키오개인투자자 울리는 물적분할검은 호랑이 해를 디지털 전환 원년으로가장 주목할 기업인은 이재용 정의선 런정페이 레이쥔 도요다 아키오개인투자자 울리는 물적분할검은 호랑이 해를 디지털 전환 원년으로카카오 먹튀 방지안 내놨다 임원 상장 뒤 1년간 주식 매도 금지먹튀 논란에도 카카오 담는 개미들카카오게임 3대 주주 남궁훈은 이해충돌 방지서 자유로울까요전금업자 4곳 선불충전금 1조원 돌파 카드사 지위 넘본다호구개미잔혹사 김희리 경제부 기자LG엔솔 흥행 예고 속 현대엔지도 시동 IPO 대어 대기 중경북 체납고지서 1월부터 모바일 서비스여자 스티브 잡스 벤처 사업가의 추락미인대회 이론으로 본 대선 판세경북 체납고지서 1월부터 모바일 서비스여자 스티브 잡스 벤처 사업가의 추락,1.0
2022.01.15,카카오페이,장덕수의 사람들 DS투자증권 속속 합류골목상권 침해 경영진 먹튀 카카오 컨트롤타워가 없다소 잃고 외양간 고치는 카카오 사례 반면교사 삼아야,1.0
2022.01.16,카카오페이,FIU 코인거래소 카카오페이 카지노 등 전방위 점검,1.0
2022.01.17,카카오페이,4대 코인거래소 자금세탁 검증대 오른다 카카오 네이버는금융위 네이버 카카오 자금세탁 들여다본다네이버 카카오 보름새 1조7천억 담은 개미들조직 문화 바꾼다 컨트롤타워 만든 카카오금융당국 4대 코인 거래소 돈세탁 검사 나선다금융당국 4대 코인거래소 연말까지 돈세탁 검증한다작년 공모주 투자 평균 수익률 40% 올해도 짭짤할까LG에너지솔루션 상장 주가 외국인 변수MTS 출시 임박 카카오페이증권 데이터기반 WM 승부수금융당국 4대 가상자산거래소 자금세탁 정밀 검증IPO 최대어 LG엔솔 청약 1주라도 더 받으려면쉬워진 연말정산 간소화 쓸 수 있는 인증서도 많아졌네소문난 잔치 LG엔솔 주가 열쇠는 펀더멘털 보다 수급골프존 간편결제로 전자금융업 진출빅테크 아이들 의 반란 키워준 빅테크와 싸운다역대급 IPO시장 열리지만 기대수익률 작년만 못할 것빅테크 아이들 의 반란 키워준 빅테크와 싸운다소문난 잔치 LG엔솔 주가 열쇠는 펀더멘털 보다 수급,2.0
2022.01.18,카카오페이,내달 기관물량 풀린다 카카오형제들 조마조마마이데이터 한 달 핀테크 은행에 완승글로벌 소비 불안 코스피 2900선 또 깨졌다분식 의혹 셀트리온 먹튀 논란 카카오 주가부양책도 안 먹히네혁신에서 불신으로 성공에 취한 IT업계 벼랑 끝에 서다SG 빠진 ESG실적전망 좋은 해 조 기 밑에서 낚아볼까간편결제 수수료 논란 등 빅테크 정면대응 혁신 발목 잡지 말아야플랫폼 고객 잡아라 30조원 지역화폐 판매대행 뛰어든 카드사똘똘한 원 앱 이 대세 부산은행 썸뱅크 6년 만에 접는다간편결제 수수료 논란 등 빅테크 정면대응 혁신 발목 잡지 말아야,1.0
2022.01.19,카카오페이,또 먹튀 카카오페이증권 집단 퇴사LG엔솔 청약 열기도 역대급 카카오뱅크 청약 기록 깰 수도청약개미 237만명 몰렸다 LG엔솔 공모 새 역사먹튀논란 류영준 대표 간담회라도 잘 했다면카카오페이 경영진 먹튀 철저히 조사 개미투자자 공략윤호영 카카오뱅크 대표도 스톡옵션 행사했다시총 30조 증발한 카카오 10월 3000억 빚 폭탄 돌아온다코스피 한파에 급락 대형주 담는 개미들간편인증 은행 증권 벽 허문다기압 코스피 개미는 풀매수LG엔솔 뜨자 공모주 펀드에도 뭉칫돈고정수입 네이버 3600억 쿠팡 1800억 빅테크 구독경제 폭풍성장,2.0
2022.01.20,카카오페이,이재명 카카오페이 먹튀 철저 조사이번엔 탈세 의혹 9만원 뚫린 카카오카카오 때리기 지나치다셀트리온 웃고 카카오 울고 악재 속 희비 엇갈린 그룹LG엔솔 청약 미래에셋에선 1주도 못받을 수도LG엔솔 공모 열풍과 부동산끝없는 악재 쓰나미에 1월 증시 휘청빅테크에 손 내민 보험사 MZ세대 공략 도와줘LG엔솔 공모 열풍과 부동산개미들 연초부터 눈물바다 올 순매수 종목 수익률 15%LG엔솔 114 몰려 440만명 공모 청약LG그룹 전체 시총 127조 200조 SK 제치고 2위 넘본다 IPO 새 역사 쓴 LG엔솔카카오페이 주식먹튀 논란 ESG로 돌파카카오 툭 먹튀 논란 탈세 의혹에 장중 9만원 붕괴카카오 신임 단독 대표에 남궁훈 내정 각종 논란 돌파할까서울사랑상품권 티머니페이로 구입스톡옵션 먹튀 막을까 금감원장 제도 개선 검토사악해지지 말자 박상숙 부국장 겸 산업부장확 바뀐 뱅크샐러드 가상자산 포인트 자산 데이터도 연동 개시윤호영 카뱅 대표도 스톡옵션 행사 사전 입맞췄나60대 표심잡기 나선 연금 지급 전까지 120만원 장년수당서학개미까지 몰린 LG엔솔 청약 패시브자금 유입 촉각사악해지지 말자 박상숙 부국장 겸 산업부장확 바뀐 뱅크샐러드 가상자산 포인트 자산 데이터도 연동 개시윤호영 카뱅 대표도 스톡옵션 행사 사전 입맞췄나60대 표심잡기 나선 연금 지급 전까지 120만원 장년수당서학개미까지 몰린 LG엔솔 청약 패시브자금 유입 촉각이기주의와 탐욕이 몰고 온 윤리경영의 위기,1.0
2022.01.21,카카오페이,카카오페이 먹튀 논란 속 자회사 증권 으로 명성 되찾을까남궁훈 원톱 쇄신 카카오 신뢰 회복할까카카오 맡는 남궁훈 세상에 없던 시장 개척카카오 스톡옵션 개선하나 LTV 상향은금감원장 스톡옵션 먹튀 논란 없도록 제도 개선대박날 줄 알았는데 SK바사 직원 9억 벌때 크래프톤 4천만원씩 잃었다대출 나올구멍 없어서 매달 상품권깡 내몰리는 서민들소 잃었으면 외양간이라도 제대로펠토론 경영진 주식 팔자 주가 급락사이버 자산운용 영토 확장해야대출 나올구멍 없어서 매달 상품권깡 내몰리는 서민들소 잃었으면 외양간이라도 제대로펠토론 경영진 주식 팔자 주가 급락사이버 자산운용 영토 확장해야서울제로페이 신한카드 카카오 품에 안겼다 시민들 불만주식 먹튀 논란 카카오 경영진 대폭 물갈이위기의 카카오 새 사령탑에 남궁훈김범수 카카오 신뢰잃고 있다 창업동료로 CEO 교체김범수 신뢰 많이 잃고 있다 카카오 신임 단독대표에 남궁훈위기의 카카오 남궁훈 단독대표 체제로 신뢰 회복 최선리더십 교체 카드 꺼내든 카카오신뢰회복 급하다 김범수가 위기때 마다 찾은 그사람 재등판빅테크 보험 사업 제자리 걸음 혁신 구호 안 통하는 현실의 벽손발 묶인 카드사 빅테크 시장 잠식에 냉가슴만,1.0
2022.01.22,카카오페이,이번엔 자사주 저가에 매수 카카오 경영진 또 모럴 해저드 논란정용진 류영준 그리고 지저스 리더십,1.0
2022.01.23,카카오페이,토스증권 연이은 유상증자 증권가 메기 역할 준비중대구 택시업계 플랫폼 시장에 뛰어든 이유는보험사 임원들 회사 주식 매수 러시,0.0
2022.01.24,카카오페이,불신 디스카운트코리아 디스카운트 초래하는 상장사 대주주 경영진 리스크국민연금 수탁위 기업 발목 잡지말라장외 시총 7조9000억원 규모 현대엔지니어링 내달 IPO 출격카카오뱅크 페이 부진의 늪 빠졌다 목표주가도 하향카카오페이 연령별 자료 제공 또래와 자산비교 가능카카오페이 등 빅테크 만나는 정은보 무슨 얘기 나눌까제2 카카오페이 막는다 스톡옵션 논란에 제도 개선 급물살카카오 구원등판 남궁훈 100개 계열사 관리 메타버스에 달려김범수 카카오 모래알 계열사 다잡기 나선다경영진이 단타 카카오 주가 반등에도 개미들은 싸늘IPO대어 LG엔솔 팔수록 성공LG엔솔이 안부럽네 대어급 공모주 빅3 온다중랑사랑상품권 발행 1인당 70만원까지오 마이데이터 금융비서가 내 자산을 불려주네K 핀테크 차기 사령탑은 누구 정인영 이혜민 이근주 3파전미래의 금융소비자 알파세대 의 마음을 훔쳐라 마이머니,2.0
2022.01.25,카카오페이,카카오는 왜 미움을 살까서울사랑상품권 가맹점 QR 정보 놓고 시 제로페이 갈등서울사랑상품권 판매처 대폭 축소 혼란한은 갤럭시폰에 디지털화폐 심는다 아이폰엔 계획 없어금리 뛸수록 현금 PER 하락 성장 타격받는 이유 있었네서울사랑상품권의 헛발질제로페이 대신 카카오페이 서울사랑상품권 시끌카카오페이손해보험 보안 미흡 본허가 심사 길어진다흔들리는 카카오의 공짜 기업인수 전략개미투자자 울리는 코리아 디스카운트한국거래소 물적분할 스톡옵션 행사시 투자자 보호책 마련게임 만난 NFT 불붙는 P2E 경쟁현대오일뱅크 SSG닷컴 마켓컬리 올해도 IPO 대어 줄줄이 출격 준비,2.0
2022.01.26,카카오페이,LG엔솔부터 카페까지 거래소 각종 논란 신중 검토 종합물적분할 기업 상장 심사 때 모회사 주주 의견 반영 검토예보 우리금융 잔여지분 % PEF등에 매각 추진먹튀 안돼 상장사 경영진 자사주 처분 계획 미리 알려라조용병 바르게 빠르게 다르게 기업금융서 배달 헬스케어까지 디지털 생태계 확장금융위 올해 상반기 가급적 공매도 정상화예보 우리금융 잔여지분 % PEF등에 매각 추진힘들어도 먹고는 살아야지 증시 급락에도 식품주 선방먹튀 안돼 상장사 경영진 자사주 처분 계획 미리 알려라엔비티 경영진 주식처분 소식에 주가 곤두박질조용병 바르게 빠르게 다르게 기업금융서 배달 헬스케어까지 디지털 생태계 확장네이버페이 카카오페이 소상공인 수수료 31일부터 인하금융당국 결제 수수료 합리적으로 카카오 네이버 낮추겠다국민주에서 국민 밉상주 로 카카오가 불러온 3가지 질문카카오뱅크 저금통 채우기 100만계좌 MZ세대 62%손병두 쪼개기 상장 주식 먹튀 적극 대처빅테크 금융사간 신사업 진출 규제차별 없앨 것물적분할 잔혹사 손병두 자회사 상장 때 모회사 주주 의견 챙기겠다손병두 쪼개기 상장 주식 먹튀 적극 대처입김 세진 임플로이언서 기업들 임단협 쩔쩔,1.0
2022.01.27,카카오페이,서울페이 띄우려 제로페이 결별한 서울시 불편은 시민 소상공인에 고스란히카카오 상생 진정성 보여야정은보 빅테크 결제수수료 합리적 산정 유도 필요1등 카드사 안주 않고 신한플레이 비금융 탑재 생활금융플랫폼 도약1년 끌더니 결국 중징계 삼성금융 마이데이터 못 쓴다1등 카드사 안주 않고 신한플레이 비금융 탑재 생활금융플랫폼 도약1년 끌더니 결국 중징계 삼성금융 마이데이터 못 쓴다빅테크 간편결제 수수료 공시 시스템 만들 것정은보 간편결제 수수료 공시시스템 만들겠다 종합세금으로 특정은행 배불리기 서울사랑상품권 불만 폭주네이버 카카오페이 소상공인 위해 수수료 인하테슬라와 카카오페이서울페이플러스 앱으로 결제받다 손님과 싸울 판미워도 다시 한번 떨어지는 칼날 잡는 동학개미스톡옵션 대박 부풀었던 IT 게임 업계 이젠 손실 걱정초미의 관심 LG엔솔 상장 따상 데뷔 는 없었다같은 날 기울어진 운동장 언급한 두 수장디지털 전환 박차 금융의 경계 넘어 글로벌 시장으로 나아갈 것,1.0
2022.01.28,카카오페이,연말정산 시스템 오류 821명 개인정보 유출대선 앞두고 개미 중심 정책 요구 커져 시장 영향은대형 공모주 상장 첫날 또 증권사들 MTS 한때 먹통대형 공모주 상장 첫날 또 증권사들 MTS 한때 먹통상식 회복 시급한 카카오 더는 핑계 안 통한다 광화문에서 김재영역대급 실적에도 주가는 바닥 IT 게임 업계 전전긍긍SPC 배스킨라빈스 설 명절 맞아 그레잇 31데이금융업에 중대재해처벌법이 도입된다면설 밥상에 이재명 윤석열만 오르겠는가귀성 못해도 지자체 장터서 고향 선물로 마음 나누세요,1.0
2022.02.02,카카오페이,판매액 3700억 17조 폭증 은행 이어 카드 빅테크도 지역상품권 사업권 눈독류영준 카카오페이 대표 핀테크산업협회장도 이달 떠난다핀테크 걸림돌은 갈라파고스 규제 대통령에 규제혁파 건의할 것네이버 18% 빠지자 개미들 1조 줍줍 그런데 언제 오르죠인터넷은행 자체 신용평가사 세운다 중금리 대출 시장 본격 개화,0.0
2022.02.03,카카오페이,토스의 성장 원동력은 혁신조직 아이디어 좋으면 누구나 리더비트코인 초콜릿까지 편의점 밸런타인데이 이색상품 봇물주가 올랐다는데 왜 나만 손해봤지 착시 주식 입니다,0.0
2022.02.04,카카오페이,5대 은행 제쳤다 카뱅 토스 네이버페이 이용자 8500만명 돌파연기금 새내기주 기계적 매수 괜찮나P2P로 갈아타는 대출 투자자들카카오는 더이상 올챙이가 아니다 나상현 산업부 기자NHN페이코 후불결제 시장 진출 빅테크 격전장 부상연내 상장 스톡옵션 1400만주 기업들 먹튀 논란 일까 몸조심하루만 맡겨도 연이자 3% 세뱃돈 엄마가 맡지 마세요 S머니,2.0
2022.02.05,카카오페이,국내 증시에 배신 당한 개미들 롤러코스트 장세에도 나스닥으로 몰렸다,1.0
2022.02.06,카카오페이,15 현재 전개되는 지불수단의 변화 흐름,1.0
2022.02.07,카카오페이,삼성 이름으로 거대 금융플랫폼 네이버 카카오도 초긴장해 넘긴 전자금융거래법 개정 상반기에도 물 건너가나정부에 목소리 내겠다 핀테크협회장 치열한 3파전더 빠질까 카뱅 크래프톤 롯데렌탈 2월 보호예수 물량주의보LG엔솔 날개 달고 KB증권 MTS 1위이대로 가면 금융미래 없다 핀테크 법안 통과 절실운영사 바뀐 서울사랑상품권 데이터 분쟁이행규 지평 변호사 물적분할 땐 회사 주주도 혜택 볼 수 있게 해줘야51 사면초가 테크 플랫폼서울페이 VS 제로페이 서울사랑상품권 놓고 법정 공방 예고4선 도전 공식화 오세훈 서울시 바로세우기 지속 도시경쟁력우아한테크코스 네카라쿠배 꽃길만 걷자슈퍼 원앱 경쟁 전통금융 빅테크 이어 삼성 가세공모주 대박 절대공식 아니다 %는 연말 주가가 공모가 밑돌아4선 도전 공식화 오세훈 서울시 바로세우기 지속 도시경쟁력우아한테크코스 네카라쿠배 꽃길만 걷자슈퍼 원앱 경쟁 전통금융 빅테크 이어 삼성 가세공모주 대박 절대공식 아니다 %는 연말 주가가 공모가 밑돌아,1.0
2022.02.08,카카오페이,카카오페이에 너무한 것 아닙니까카카오 먹튀 반면교사 상장 앞둔 기업들 스톡옵션 1년 내 안팔아요거스름돈 생기면 펀드 에 차곡 소액 적금 도 금리 우대 쏠쏠LG엔솔 2조4천억 담느라 삼전 8천억 던졌다 연기금발 수급교란따상 늘긴 했지만 상장 첫날 주가보다 연말 주가가 더 낮은 까닭은LG엔솔 반토막난 카뱅 전철 밟을까따상 가자 작년 IPO 공모액 20조 역대 최대LG엔솔 반토막난 카뱅 전철 밟을까쿠콘 마이데이터 사업장에 대출비교 서비스쪼개기 상장따상 가자 작년 IPO 공모액 20조 역대 최대,1.0
2022.02.09,카카오페이,카카오페이 지난해 연결매출 4586억 61%카카오페이 작년 영업손실 272억 다시 초심으로 반성문경영진 스톡옵션 행사에 카카오페이 적자 확대기업 순익 2조 돌파 카카오페이 적자 확대새 카카오 수장에 거는 기대금감원 빅테크 카드사 결제 기능 달라 동일규제 원칙 뒤집나삼성증권 온라인 주총장 핫 하네보호예수 폭탄 에 반등 불씨 꺼질라 속타는 개미들보호예수 폭탄 에 반등 불씨 꺼질라 속타는 개미들삼성증권 온라인 주총장 핫 하네알짜 쪼개기 상장 들끓는 여론에 시범 케이스 될라 기업들 물적분할 일단 멈춤노는 돈 잡아라 고금리 파킹통장 부활카카오페이 작년 99조 거래액에도 영업적자카카오페이 신원근 임직원에도 반성문하나금융지주 함영주 출항 채비현금 없는 세상 열린다 쩐의 굴기 노린 의 위안화 공습은 문제,1.0
2022.02.10,카카오페이,희비 엇갈린 카카오 금융 뱅크 웃고 페이 울고김범수 카카오 5년간 5000억 투자 일자리 2만개 이상 만든다웹케시그룹 서울페이 사태 비즈플레이와 무관 데이터 이관 협조 중빅테크 기업 수수료 규제하겠다는 윤석열정부 출자로 택시앱 개발 발언에 캠프 화들짝 대선 D 27신한카드 18종 신규 발급 중단정부 출자로 택시앱 개발 발언에 캠프 화들짝 대선 D 27남궁훈 카카오 주가 15만원 될 때까지 최저 임금만 받겠다 책임경영 의지 피력롯데 알리페이 시스템 도입물적분할 물리고 스톡옵션 다시 산다공모주 대어 의무보유 물량 풀린다 개미들 조마조마주가 15만원 될때까지 최저임금만 받겠다서울사랑상품권 데이터분쟁 해법 찾다,1.0
2022.02.11,카카오페이,카카오의 배수진 주가 15만원 회복 목표오늘의 증시 메모 2월 11일갤Z 버금가는 5G 효자 될까 이통3사 갤S22 마케팅 총력카드사 빅테크 서비스 차이 있다 금감원 해명할수록 빅테크만 웃어카카오 연 매출 6조원 돌파 올해 자사주 3000억 소각 예정카카오 연매출 4조 6조 퀀텀 점프 남은 숙제는 이미지 쇄신 종합카카오 작년 매출 6조1361억 영업이익 5969억 역대 최대연매출 6조 클럽 가입 카카오 주주환원 정책 첫 시행롯데 글로벌 마케팅 재가동 알리페이플러스와 MOU남궁훈 주가 15만원 될때까지 최저임금 받겠다네이버 이어 토스 NHN 참전 후불결제 시장 경쟁 뜨겁다네이버 이어 토스 NHN 참전 후불결제 시장 경쟁 뜨겁다증시부진 인플레 탓 기관 수급이 더 문제롯데면세점 포스트코로나 대비 글로벌 공략,0.0
2022.02.12,카카오페이,카카오 주가 15만원 회복 탄력 받을까 역대급 매출에 3000억 자사주 소각매출 6조 자사주 3000억 소각 카카오 5% 9만원대 회복처음이 어렵지 간편결제 쓸수록 더 쓴다카카오 연매출 6조 올해 자사주 소각하고 현금배당,1.0
2022.02.13,카카오페이,은행 우리도 토스 카카오처럼 앱 혁신 대대적 예고,1.0
2022.02.14,카카오페이,크래프톤 공모가 반토막 카카오페이는 먹튀 논란카드사 똑같이 규제해야 빅테크 수수료 80%가 카드사 몫금융판 확 바꿔보겠다 정인영 이혜민 이근주 3파전대구형 배달앱 대구로 올해 배달 플랫폼 생활편의 플랫폼으로 도약배달앱 알뜰폰 이어 슈퍼 원앱 생활 금융도 확 키운다빅테크 물론 통신 금융사까지 가상자산 신사업 금맥 캔다인건비 폭탄 카카오금융도 타격구글앱마켓 첫 3자결제 나왔다 스타트는 웹툰 웹소설 플랫폼빅테크의 초심과 혁신빚투 열풍에 1조클럽 증권사 1곳 5곳 올해는 IB에 달렸다빚투 열풍에 1조클럽 증권사 1곳 5곳 올해는 IB에 달렸다부산 지역화폐 동백전 운영사 수주경쟁 4파전,1.0
2022.02.15,카카오페이,토스 카카오페이 해외주식 소수점 매매 출시 막바지 작업중이름 계좌번호 노출 없이 당근페이 가능해진다 당근마켓 수익 낼 수 있을까미래에셋증권 최대어 크래프톤 SKIET 상장 맡아금감원 집 사려고 위장 대출받은 무늬만 개인사업자 대출 조사한다소호대출 잣대 깐깐해지고 빅테크 감시망 두터워진다 종합스톡옵션 먹튀 자금횡령 등 이슈로 3월 주총 달아오를 듯금감원 꼼수 사업자대출 막는다스톡옵션 먹튀 자금횡령 등 이슈로 3월 주총 달아오를 듯카카오 남궁훈 연봉 예산 15% 증액 취임 전부터 직원 달래기오픈페이 도입 앞두고 갈라지는 카드사들 반쪽짜리 전락 우려공공 택시앱 언급한 윤석열 ICT 업계가 걱정하는 3가지 이유내부자거래 사전신고제 자본시장법 개정안 발의,1.0
2022.02.16,카카오페이,카카오 연봉 총액 올해 15% 올릴 것카카오페이앱으로 사자 팔자카카오 주식거래앱 시범서비스 시작올 연봉 예산 15% 늘린다 카카오발 연봉경쟁 불붙나남궁훈 임직원 연봉 총액 최대 15% 인상하겠다쓸곳 적고 쓸땐 번거롭고 빛바랜 은행 서비스대표는 최저임금 직원은 월급 인상 카카오 연일 내부 달래기 재계 블로그카카오 올 연봉 최대 15% 올릴수도 내년 6% 추가 인상 방안도 검토도 도 때린다 겁먹은 빅테크 카드사는 일단 웃는데,1.0
2022.02.17,카카오페이,서울상품권 결제확인 다음주면 제로페이서도 됩니다9월부터 국내 주식 소수점 거래 도입 25개 증권사 도전장국내주식 9월부터 주 살 수 있다역대 최고 실적 지방 삼총사 디지털 DNA 심고 퀀텀점프IB업계 이불킥 한 작년 최악 거래는 한앤컴퍼니의 남양유업 인수스타트업에 벼락부자 란 없다삼성전자 주 살게요 9월부터 국내 주식도 소수점 거래카카오그룹 내부 달래기 2탄 격무 상징 포괄임금제 폐지쪼개기 상장 논란에 고민깊은 카카오 모빌리티 엔터 어디로한국핀테크산업협회장에 이근주 간편결제진흥원장금감원 상장사 2926곳 사업보고서 점검 논란의 물적분할 스톡옵션 중점 체크,1.0
2022.02.18,카카오페이,신임 핀테크산업협회장에 이근주 한결원 원장국내주식 소수점 거래 도입 커피값으로 황제주 사볼까K 핀테크 새사령탑에 이근주 간편결제진흥원장 전금법 처리 시급핀테크협회장 소명의식 가져야2월18일 알림반토막 카뱅 바닥 찍었나 외인 러브콜에 5만원 눈앞,2.0
2022.02.20,카카오페이,카카오 구조대 왔나요 연기금 다시 담자 주가 반등빅테크 후불결제 확대 카드사는 오픈페이 로 맞불한발 물러선 토스 한발도 못뗀 카카오페이 빅테크 보험혁신 먼길CU 단백질 도시락 상품군 확대건강 편도족 늘었다 CU 프로틴 도시락 라인업 확대17 진화하는 핀테크 기업의 UI UX,1.0
2022.02.21,카카오페이,상장 기업 절반이 어닝쇼크성장 기대주였던 BBIG 시총 64조원 증발기세 꺾인 국가대표 BBIG 올 들어 시총만 64조 날아가판교에 IT 투자 자문 몰려 플랫폼 규제 가 이슈될 것총량관리 수익창출 Exit 라인업 늘리는 인뱅 여신팀윙크 플랫폼 알다 통해 개인회생자대출 첫 선,0.0
2022.02.22,카카오페이,카카오 직원 처우 개선에 IT업계 구인난 걱정알아서 투자 척척 MZ세대 취향저격 MTS 쏟아진다시행 반년 대부업 프리미어리그 저신용자 숨통 트였나엔 글쎄자체 CSS 활용 중금리대출 늘린 인터넷은행합쳐야 산다 금융사들 원앱 전략제2의 카카오페이 막아라 스톡옵션 주식 상장 후 6개월 못 판다카카오페이 먹튀 재발 막는다 스톡옵션 상장후 6개월간 처분 금지임원 주식먹튀 막는다 스톡옵션 주식 상장후 6개월간 못판다금융당국 디지털 간부들 짐싸서 로펌으로 가는 까닭은디지털서비스 업고 전국구 노리는 지방은행류준우 보맵 대표 올해 마이데이터 보험 부문 선점한다,1.0
2022.02.23,카카오페이,제2의 카카오 먹튀 막는다 스톡옵션 6개월 의무 보유카카오페이식 주식 먹튀 막는다 스톡 옵션 상장 후 6개월간 못 팔아신규 상장사 임원 상장 후 스톡옵션 주식 6개월 의무보유폼만 잡는 회장 안돼 전금법 개정 위해 뛸 것상장 직후 스톡옵션 행사 먹튀 막는다스톡옵션 먹튀 못한다 상장 후 6개월 처분 제한스톡옵션 먹튀 막는다 상장 6개월 처분 제한먹튀 방지 스톡옵션 6개월간 처분 제한몽고DB 혁신적 플랫폼 위해 개발자 지원스톡옵션 의무보유 카카오식 먹튀 막는다금소법 시행 5개월 핀테크 빅테크 소비자 보호 낙제점,1.0
2022.02.24,카카오페이,재테크 대세 풍차돌리기 아시나요 소액적금부터 신용카드까지코리아 디스카운트 해소하려면 내부자 거래계획서 등 고려해볼만브레인리스 로봇 디지털 트윈 과감한 R D투자로 미래기술 선도,0.0
2022.02.25,카카오페이,남궁훈이 밝힌 뉴 카카오 청사진 텍스트 메타버스로 해외시장 문 연다상장때마다 MTS 먹통 분통터지는 투자자마이데이터 금융사 핀테크 격전장 누가 승자될까,0.0
2022.02.26,카카오페이,모처럼 웃은 네이버 카카오혼돈의 증시 롯데 현대 그룹은 시총 늘었다소상공인 모시는 시중 씬파일러 구애하는 인터넷,1.0
2022.02.27,카카오페이,서울 지역화폐 표준QR 만든다 제로 서울페이 상생,0.0
2022.02.28,카카오페이,적에서 동지 된 구글 네이버 콘텐츠 페이 전방위 협력회장 없는 카카오에 부회장 2명 둔 까닭은SK 주가 200만원 간다고 회사 CEO 호언장담 믿을수 있을까국내 증시 시총 두 달 새 162조원 증발카카오페이 24시간 대표 소통채널 만들었다쪼개기 상장 스톡옵션 먹튀 횡령 기업 불신 해소책 마련도 시급번개장터 키운 고시촌 청년창업가 투자사 CEO로 변신한 이유,2.0
2022.03.01,카카오페이,내 주식 배당 늘어나려나 덩치 키운 사모펀드 주총 입김 세진다금리 전쟁 공포에도 2조 푼 개미군단 시총 상위주 줍줍 개인 공포에 베팅IPO 늦어지는 카카오모빌리티 초기 투자사 지분 매각 시작중대재해 스톡옵션 먹튀 막아라 기업 이사회가 바뀐다 심층기획카페 마트 % 할인 현대카드 제로 에디션2 배달 택시 2% 적립 우리카드 바스킷 카드,1.0
2022.03.02,카카오페이,네이버 카카오 QR 체크인 서비스 중단카카오 모바일 헬스케어 시동 엔지니어 채용 나서배당 주는 대신증권 자사주도 산다투자시장의 파수꾼 거래소와 금투협로블록스 반토막 실화냐 IPO 히트친 들의 배신,1.0
2022.03.03,카카오페이,네이버파이낸셜 카카오페이 토스 금감원 검사 세게 받는다연기금 21개월 만에 순매수 전환 카카오그룹 줍줍LG엔솔 아프리카TV BBIG K 뉴딜 편입된다혁신 좇던 빅테크 자기반성의 계절금감원 30개 금융사 779회 검사한다강남언니 바로 구매 도입 6개월만에 20만 상담신청,1.0
2022.03.04,카카오페이,두둑이 챙기고 튀다니 스톡옵션 본고장 도 브레이크 걸었다연기금이 돌아왔다 LG엔솔 빼면 글쎄최저 % 최대 1억원 비대면 대출 눈길중고거래 이젠 아나바다 아닌 취향 잇는 N차거래 터뷰 이재후 번개장터 대표,0.0
2022.03.05,카카오페이,서울사랑상품권 플랫폼 분쟁 서울시 판정승애플 작년 자사주 102조원어치 소각 후 주가 30% 올라,1.0
2022.03.06,카카오페이,,0.0
2022.03.07,카카오페이,마이데이터블루칩 7 카카오페이 카카오 플랫폼 덕 2000만 회원 마음 사로잡아마이데이터블루칩 7 고난끝에 부활한 카카오페이 자산관리 소셜데이터로 차별화상장사 물적분할시 주주보호정책 담아야LG에너지솔루션 아프리카TV KRX BBIG K 뉴딜지수 편입최대실적 주주환원 ESG경영 세 토끼 잡은 대신증권 서경스타즈IR러 송금 길 막히자 환치기 이용 내몰리는 유학생 교민들,0.0
2022.03.08,카카오페이,분사 1년 티맵 아쉬운 성적표 초기 투자 집중초콜릿은 기본 명품 시계까지 화이트데이 마케팅의 진화스톡옵션 물적분할 논란의 이면존재감 키우는 케이뱅크 IPO 올인,1.0
2022.03.09,카카오페이,결제대란 해소한 서울사랑상품권 소상공인 살리기 속도낸다 이슈 분석여의도 증권가에서 새 대통령에 바라는 포인트 3가지,0.0
2022.03.10,카카오페이,차기 정부 플랫폼 규제 풀까 조일까 네이버 카카오 긴장파랗게 질린 그룹주 톱10 올 시총 11% 이상 날아갔다,1.0
2022.03.11,카카오페이,오늘의 증시 메모 3월 11일오늘의 증시 일정 3월 11일새 사령탑 내세우는 네이버파이낸셜 카카오페이1000만 개미의 바람 불장 다시 지필까,1.0
2022.03.13,카카오페이,,1.0
2022.03.14,카카오페이,해외IB 강화한 한투 실적 신기록 썼다바뀌지 않으면 도태된다 증권사 사활건 MTS 승부카카오모빌리티 상생자문위 발족 택시 배차 호출 시스템 신뢰성 확보네이버 최수연 출범 세대교체 카드 통할까식품업계 이건 온라인에서만 팔아요,1.0
2022.03.15,카카오페이,주관사 선정 끝낸 카카오모빌리티7개월 만에 카카오모빌리티 상장 주관사 한투 대신 낙점금융권 플랫폼 진출 길 터줘야 업무범위 확장 금투업계 이중과세 논란 풀어라 Y노믹스 성공의 조건김범수 카카오 의장 사임 글로벌 항해 닻 올린다도전과 도피 사이 카카오 김범수 의장직 내려놓고 경영일선 전면에간편결제 힘쓰는 네 카 나란히 수장 교체대신증권 940억 배당 244억 자사주 매입심사평 최종구 심사위원장LG엔솔부터 수제맥주까지 IPO시장 팔방미인,0.0
2022.03.16,카카오페이,카카오 새 선장 남궁훈 투자사 입김 차단해 계열사 통제작년 IPO 기업 13곳 중 케이카 나홀로 주가 상승,1.0
2022.03.17,카카오페이,IPO 대어 잇단 급락 못믿을 공모가 산정카카오페이도 연봉 1천만원 올려 IT업계 인재 뺏길라 긴장BC카드 대출 비교 서비스 토스 카카오 과점 흔드나,1.0
2022.03.18,카카오페이,카카오페이 임직원 연봉 1000만원 일괄 인상 결정직원 달래는 카카오페이 기본급 1000만원 인상먹튀 논란 카카오페이 직원 달래려 연봉 1000만원 인상 성과급은 따로 준다은행업 본질은 신뢰 디지털 시대에 경쟁력 커진다쇼핑은 지금 돈은 나중에 후불결제 새 트렌드 뜬다연봉 1000만원 인상 스톡옵션 지급 핀테크 성과급 잔치DGB대구은행 담보대출 비교플랫폼 담비 로 무방문 전세자금 대출,0.0
2022.03.20,카카오페이,운용수수료 비싸지만 해지의 유혹 참으셔야 합니다 WEALTH금융사 빅테크 동일 기능 동일 규제 원칙 세워야,0.0
2022.03.21,카카오페이,악재는 털었다 들썩이는 카카오 셀트리온 핵심은 실적공모주는 빠르게 파는 사람이 승자 따상 종목도 장기수익률 처참경영 쇄신은 새 얼굴이 글로벌 개척은 창업자가NFT 시장 1년새 26조 쑥 새로운 먹거리 대기업들도 가세CU 네이버 스마트스토어 입점 모바일쿠폰 판매CU 네이버 스마트스토어 입점 O4O채널 강화사람 때문에 회사 산다 IT업계 인재 쟁탈전,1.0
2022.03.22,카카오페이,IT 인재 빨아들이는 네이버 카카오공모가까지 추락한 새내기 개미 울상네이버에서 CU 인기상품 구매한다 150여 종 상품 구매 선물국민 금융권 첫 전자문서중계 시장 진출,1.0
2022.03.23,카카오페이,OO페이 가 대세 선불전자지급 실적 전년 42%코로나에 온라인 쇼핑 늘어 페이 에 하루평균 9048억 썼다토스뱅크 고객 6초에 1명씩 늘어 가입자 월 평균 3만7200원씩 이자 받았다,0.0
2022.03.24,카카오페이,요즘 결제는 페이 가 대세주가 내려도 경영진 보수는 올라 허탈한 개미몸집 키우는 핀테크 P2P 인재 영입 쟁탈전공모주 비싸 장외로 자금 이동할 것 제14회 fn 재테크쇼카카오페이 새 대표 최저임금만 받겠다카카오페이 경영진 5인 작년 인센티브 반납 주식 재매입 차액 환원카카오페이 목표주가 20만원한화생명 메타버스 연수원서 맞춤인재 키운다하나금융 지급결제 생태계 확보위해 플랫폼금융 추진,1.0
2022.03.25,카카오페이,신원근 카카오페이 차기 대표 주가 20만원 될 때까지 최저임금 받겠다신원근 카카오페이 대표 내정자 주가 20만원 될때까지 최저임금 받기로주가 20만원 때까지 최저임금만 받겠다신원근 카카오페이 주가 20만원까지 최저임금만 받을 것광고냐 중개냐 여전히 뜨거운 감자 금융플랫폼,1.0
2022.03.27,카카오페이,주가 하락 성토장 된 주총 셀트리온 대표 최저임금만 받겠다셀트리온 대표의 결단 주가 35만원 될 때까지 최저임금만 받겠다주가 회복까지 최저임금만 받겠다 성난 주주 앞에 머리 숙인 셀트리온,2.0
2022.03.28,카카오페이,암호화폐 송금 실명제 받는 사람 이름도 등록 틀리면 못 보내올해 매경 금융상품대상 현대해상 전기차 보험코스피 안정세에 반도체 IT 성장주 다시 주목치솟는 IT업계 연봉 카카오 삼성 제쳤다금융범죄 수사기능 회복으로 자본시장 신뢰를,1.0
2022.03.29,카카오페이,신원근 카카오페이 대표 초심으로 돌아갈 것카카오페이 신임대표 스톡옵션 매도는 판단 착오6668억 쏟아부었다 증권사 MTS 경쟁 치열김한나 그립컴퍼니 대표 글로벌 시장서 통하는 K라방 키우겠다장 마감 후 기업공시 3월 28일카카오페이 신원근 신임 대표이사 정식 취임뉴 카카오 이름 빼고 다 바꿨다 의장 대표 조직 모두 변화카카오페이 병원비 청구하기 보험금 모바일 청구 석달새 95만명 이용고개 숙인 카카오 먹튀비욘드 코리아 카카오 새 시대 개막트래블월렛 트래블페이 카드 월렛앱으로 해외결제 직구때 수수료 0쓱닷컴 IPO 이마트에 긍정 물적분할 우려 선긋기1년에 60% 인상은 기본 홀로 내달리는 대기업 임금주가하락 책임 최저임금 받겠다 수십억 연봉 포기하는 CEO들쓱닷컴 IPO 이마트에 긍정 물적분할 우려 선긋기주가하락 책임 최저임금 받겠다 수십억 연봉 포기하는 CEO들1년에 60% 인상은 기본 홀로 내달리는 대기업 임금금융상품대상 이렇게 뽑았다 심사위원 평가기술 이끌고 탄소 줄이고 금융이 멋진 세상 만들다,1.0
2022.03.30,카카오페이,남궁훈 체제 카카오 신뢰회복 올인카카오페이증권 해외주식 소수점거래 개시5월 6월 증권가 이벤트 MSCI 코스피200 자금 유입효과 짓누르는 공매도 리스크토스도 후불결제 시장 참전 외상거래 주도권 쟁탈전 본격화지금 사고 다음 달에 낼게요 토스 후불결제 서비스 개시모니모 로 뭉친 삼성 금융연합군 온라인 돌격 앞으로,2.0
2022.03.31,카카오페이,카카오페이 토스 소수점 거래 신경전서울시 토스서도 지방세 과태료 납부하세요5000만원 예금자보호한도 21년만에 올릴지 주목고위공직자 가족들도 공모주 열풍 좇았다현대캐피탈 차량관리 돕는 앱 출시 외,1.0
2022.04.01,카카오페이,부실 이미지 뗀 저축은행 우량 금융사로 우뚝은행 계좌 연결 없는 포인트 기반 체크카드 쓸 길 열렸다반등 시동거는 카카오 4형제 다시 국민주 될 수 있을까천원으로 테슬라 산다 치열한 소수점거래 경쟁 각사별 보니애물단지 된 백신QR 단말기 멤버십 도우미로 부활소액주주 이수만 이겼다 SM 사상 첫 배당 독립감사 선임서학개미 잡아라 주식 서비스 강화하는 증권사들 투자 유의해야우수 대부업자 은행 대출길 열렸지만 실효성 아직,1.0
2022.04.02,카카오페이,두나무 4억 카뱅 억 핀테크 연봉 후덜덜네이버 연봉 예산 10% 잠정합의 직장괴롭힘 방지기구 신설,2.0
2022.04.03,카카오페이,이수형 카카오페이 비즈니스 실장 계륵된 코로나 QR체크인 단말기 새 생명 부여,1.0
2022.04.05,카카오페이,글로벌 공략 네이버 카카오 블록체인 가상자산 전진배치삼전 카카오 소액주주 줄었다 동학개미 이탈 본격화하나카카오페이증권 톡으로 주식도 선물 하세요출범 2주년 카카오페이증권 커피 대신 테슬라 선물올해 코스피 시총 순위 보니 금융주 맑음 현대차 카카오 흐림카톡으로 커피 대신 애플 주식 선물한다 10분이면 완료NH농협손보 친환경차 보험료 할인 외배당확대 자사주 매입 주주 자본주의 본격화,1.0
2022.04.06,카카오페이,카톡으로 주식 선물하고 거래까지 올해 다 된다하반기부터 카톡에서도 주식거래카톡으로 주식 선물하기 매매 가능해진다가상자산 생태계 확장 팔걷은 ICT업계카카오 소상공인 창작자 상생 프로그램 가동카톡 주식 선물이 왔어요개인정보유출에 대한 오해카톡으로 주식 거래하고 해외주식 선물하세요손해봐도 프로모션 못 끊어 카드사들 생존의 법칙한국 주식시장 우리의 미래일까사이버 윤석열 만든 딥브레인AI의 장세영 대표,2.0
2022.04.07,카카오페이,웹툰 메타버스 NFT 앞세운 카카오 해외서 매출 30% 올린다 카카오의 비전은 글로벌 상생약속 지킨 카카오 상생기금 3000억 소상공인 창작자 지원500만 소신상인 직접 찾는다 카카오 상생 보따리 푼다카카오페이 롯데면세점 제휴 글로벌사업 재시동롯데 카카오페이 모바일 바로결제 서비스 도입남궁훈의 뉴 카카오 신뢰 회복 해외 시장 정조준카카오 3000억 기금 소상공인 등 지원 계열사 30여곳 줄이겠다위기에 등판한 카카오 3인방 계열사 30개 줄이겠다페이 수수료 개입 제2 카드 거부사태 우려15개 가상자산 협단체 통합 한국디지털혁신연대 출범얼마만이냐 유통가 이벤트 북적 항공 여행 면세업계도 부활 날갯짓,1.0
2022.04.08,카카오페이,구중궁궐에서 빨리 나와야 할 사람들긴축 불안심리에 대형주 동반 하락 2700 또 깨졌다보험판 흔들 메기 오나 카카오페이보험 내달 출범신한금투 ESG 유동화사채 발행 외월급 모아 200만원으로 시작 서 60억 투자 유치,1.0
2022.04.10,카카오페이,강세장서 재미 본 외국계 순익 99%는 본국으로 보냈다1년새 300만개 사라졌다 페이 공습 에 위축된 체크카드이번 주 본인가 예정 카페 디지털손보 보험업계 메기될까,1.0
2022.04.11,카카오페이,아시아 MZ세대 파고든다 빅테크 핀테크 해외로비대면 시대 금융 메기 의 디지털 혁명 판을 바꾸다MSCI 편입 예상되는 이 종목 미리 사볼까 시장보다 30% 수익,1.0
2022.04.12,카카오페이,카카오페이증권서 카카오 주 못 산다삼성 금융계열사 뭉쳤다 회원수 2300만명 금융앱 14일 출시너무 커버린 카뱅 규모 성장에 취해 저신용자 품지 못했다제로페이와 핀테크삼성 금융계열사 공동브랜드 통합플랫폼 띄운다타 은행서 대출 받는 은행원들 금리 싼 곳 찾아가요,0.0
2022.04.13,카카오페이,결별 1년 반만에 카카오페이 토스 재결합외국 나가서도 야놀자 여기어때 비용 결제 토종 페이 로 간편하게원팀 된 삼성 금융 5 핀테크 판 흔든다보험에 발들인 플랫폼 제휴독점 등 불공정 방지책 만들어야시총 20조 증발 네 카 들어갈까 기다릴까빅테크 1호 보험사 탄생 카카오페이보험 본인가 획득삼성 5개 금융사 통합브랜드 떴다삼성생명 화재 카드 증권 자산운용을 하나로 공동브랜드 삼성금융네트웍스 출범,1.0
2022.04.14,카카오페이,카카오페이보험 정식 출범 확정 업계 판 흔드나3분기중 카카오보험 나온다보험판 흔들 메기 온다 카카오손보 본인가 통과주가 힘 못 쓰는 네이버 카카오 실적 부진 연봉 인상이 발목보험업도 뚫은 빅테크 진짜 메기가 왔다보험업계에도 빅테크 혁신 지각변동 vs 영역확대 힘들것은산분리 특혜받은 인뱅 포용금융 경쟁력 키우기 숙제카카오 손보 하반기 출범 시장 흔들 빅테크 메기 등장꾸그 운영사 글로랑 카카오 출신 오승하 최고사업책임자 영입돈있는 엄마들 노렸다 고가 유아용 도서 미끼로 페이백 사기타다 넥스트 공식서비스 서울 수도권 서비스 내년 3000대랜덤쇼핑 즐기는 MZ세대 소비도 재미고객 수 3569만명 삼성금융 플랫폼 모니모 출격숙박대전과 함께 떠나는 제주여행박주용 기업은행 디지털그룹장 쉽고 빠르고 편리한 디지털 IBK로 혁신,0.0
2022.04.15,카카오페이,2300만 고객데이터 한곳에 삼성 금융사 빅테크 잡는다모이면 커지는 혜택 삼성금융 앱 모니모 출격돌아온 택시 타다보험금 청구 펀드 투자 한번에 삼성 금융통합앱 모니모 나왔다우후죽순 대출비교 서비스 어 주요 은행은 다 빠졌네품절주 전략으로 흥행 노리는 공모주 SK쉴더스 물량 24%만 푼다,0.0
2022.04.17,카카오페이,카카오가 만드는 보험사 메기일까 찻잔속 태풍 될까,1.0
2022.04.18,카카오페이,페이결제 대중화에 카드사 직매입 확대 밴사 고사위기네카토 선불충전금 6000억 %만 보호받는다이러니 인재들 몰리지 토스 능력주의에 30대 별 속출다시 돌아온 일상 IT업계 콘텐츠 메타버스로 승부수쌍둥이 약세 네카오 새 사업 성장통일까금융 콘텐츠 꽂힌 빅테크들 인재 확보 경쟁 본격화구글 인앱결제 꼼수 에 맞불 게임업계 자체결제 속속 도입,1.0
2022.04.19,카카오페이,입김 세진 GA 설계사 생명보험 계약 제일 많이 따냈다카카오그룹 시총 한 달 만에 13조 증발카카오 통합인증기관 시장 진출,1.0
2022.04.20,카카오페이,온라인 펀드판매 설명 부실 심각 유안타 KB증권 평가 최하위권카카오페이 보험업 또 다른 축 KP보험서비스 초라한 성적표디지털 소외 계층 없앤다 카카오 디지털 접근성 책임자 신규 선임이마트 은행 하겠네 저축은행 뺨치는 스타벅스 카드 충전금 3400억네 카 토 간편결제 폭증 카드사 후덜덜SPC그룹 섹타나인 온라인쇼핑몰 플랫폼 조이온샵 오픈깡통전세 걱정 덜어요 HUG보증금 보증 가입 52조 돌파금소법 1년 위반 0건 민사소송선 논거로 피해구제에 한계 금융사 업무 가중 지적도,0.0
2022.04.21,카카오페이,네이버 카카오 토스 간편결제만 64조카카오 업계 첫 디지털 접근성 책임자 둔다강남 사모님 기관투자자 변신 공모주 더 받으려 운용사 샀다간편결제 3인방 작년 결제 금액 64조 육박보험사 모바일 앱 개선 봇물산업생태계 거인 된 스타트업우울한 IPO기업 성적표 기업 펀더멘털 주목해야비대면 특수 끝났나 네이버 실적 시장 기대치 밑돌아,0.0
2022.04.24,카카오페이,스타벅스 선불금 유효기간 결국 폐지게임의 룰 바뀐다 정부 규제완화 기업 개방성 확보 필수 제23회 서울국제금융포럼,1.0
2022.04.25,카카오페이,금융권 일상회복에도 재택근무 이어간다보험사 개발자 어디 없나요 구인난 호소,0.0
2022.04.26,카카오페이,개미 살려라 미국 긴축 공포에 네이버 카카오 주가 출렁금리인상 공포에 신저가 행진코스피도 2700선 재붕괴 증권가 6월까지 요동칠듯바닥 뚫린 삼전 네이버 외국인 8 500억 팔자 에 코스피 2600선도 위태페이콕 페이콕긴축이 집어삼킨 코스피 7100억 매도 폭탄자이언트 스텝 공포에 파랗게 질린 증시 환율은 연고점 또 경신네이버 28만원대로 추락 1년새 최저가2006년에 멈춘 전자금융거래법 핀테크 시대에 맞는 규제 내놔야 경제 라운지,0.0
2022.04.27,카카오페이,우체국 플랫폼기업까지 마이데이터 눈독IT 판 외국인들 한국 은행 쓸어담았다체크카드 300만장 실종 사건SK 현대차 제치고 첫 재계 2위 두나무 크래프톤 대기업 지정오픈뱅킹 자금이체 일평균 1조원대로 급증 한은 올해 안에 안전성 강화SK 현대차 비켜라 재계 서열 2위 점프내 손안의 금융비서 마이데이터 석달새 2600만명 몰렸다스타벅스 카드 충전금 매장 보증금으로 안전 보관 고객돈으로 뭐하는 건가5대 금융지주도 제쳤다 우리가 자기자본수익률 1등,1.0
2022.04.28,카카오페이,역시 반도체의 힘 현대차 제치고 재계 2위 된 SK개미 연기금이 겨우 지킨 코스피 2600선 2400선도 배제 못해SK 재계 2위로 점프 IT기업 약진에 4대그룹 자산비중은 줄어카카오 2040년까지 온실가스 순배출량 0 만든다카카오 2040년 온실가스 배출 제로 목표카카오 네이버 IT 뛰고 호반 중흥건설 약진 대기업 순위 지각변동네이버 3일 연속 신저가 흔들리는 성장주,1.0
2022.04.29,카카오페이,카카오페이 PLCC iF 디자인 어워드 서 3관왕장 마감후 주요공시 4월 28일착오송금 그들은 왜 소송 못했나,0.0
2022.05.01,카카오페이,대표성장주 네이버 카카오 올들어 시총 25조 날렸다6억짜리 명품 주식 산다 소수점 거래로 투자문화 지각변동,0.0
2022.05.02,카카오페이,카카오페이 물량주의보 7600만주 의무보유 해제카드마다 카페 궁합 있어요네이버페이 최대 5% 적립 후한 인심 에 카카오페이 은행권 리워드 제도 재검토 서정은 기자의 나 알 아네이버페이 후불결제 연체율 % 신용카드의 2배,1.0
2022.05.03,카카오페이,카카오페이 보호예수 해제 앞두고 급락카카오페이 4분기 연속 적자 보호예수 풀리며 주가 최저7625만주 풀리는 카카오페이 또 신저가롯데칠성 깜짝실적 영업익 85% 쑥알리페이가 손 털까 카카오페이 신저가 털썩엇갈린 카카오금융 카뱅 사상 최대 영업익 카카오페이 적자 전환카카오금융 데자뷔SK쉴더스 원스토어 누구를 위한 상장인가,1.0
2022.05.04,카카오페이,오버행 발목 잡힌 카카오페이 장중 한때 신저가영동군 지방세 자동이체전자송달 세액공제확대인건비 상승에도 실적 선방한 카카오 글로벌 카톡 왕국 도약 종합카카오 카톡 관심사 기반 서비스로 확장카카오 물류시장까지 차지하나 물류 플랫폼 카카오 i 라스 출시휴대전화 번호만으로 간편결제 BC카드 업계 첫 폰페이 출시,1.0
2022.05.05,카카오페이,인건비 상승에 비대면 수혜 끝 카카오도 실적 주춤잘나가던 카카오 4형제 실적도 주가도 시원찮네카카오 너마저 시장 눈높이 못 맞춘 올해 1분기 성적표공매도 비중 10% 넘는 종목 4월 주가 살펴보니 10개중 6개 종목이 주가 떨어졌다시총 40 날아갔다 국민 네이버 카카오 추락카카오 네이버엔 역부족 LG CNS 전자고지결제업 접었다아쉬운 실적 낸 카카오 CEO는 카톡 한계 5번 말했다마이데이터 사업에 초기 스타트업도 도전장,2.0
2022.05.06,카카오페이,카카오페이 토스는 송금 간편 신한 모니모엔 재테크 정보 가득 4대 금융앱 써보니증권가 카카오 목표가 줄하향3대 신산업 6개사 시총 텐센트 3분의 1 과도한 규제 발목3대 신산업 6개사 시총 텐센트 3분의1 규제탓 성장못해신산업 6곳 시총 더해도 텐센트 3분의 1 불과,1.0
2022.05.07,카카오페이,알리바바 6% 카카오 5% 기술주 녹다운네이버 카카오 주가 급락 뉴욕 증시도 큰 폭 하락네 카 등 신산업 빅6 시총 텐센트의 3분의 1우리나라 3대 신산업 규제로 경쟁력 뒤처져카카오 5% 네이버 3% 기술주 급락 외국인 두달새 10조 팔아,2.0
2022.05.08,카카오페이,시장위축에 SK쉴더스 좌초 5월 공모주 시장 괜찮을까넷플릭스는 플랫폼 아냐 정부 첫 실태조사 대기업 집중 확인도국민은행도 청소년 선불카드 리브넥스트 출격,0.0
2022.05.09,카카오페이,국내 부가통신서비스 매출 200조 해외서 돈번 기업은 %뿐한경과 WSJ 동시에 본다 국내 유일의 모바일 경제 콘텐츠 허브카드 못 만드는 청년 주부 이렇게 많았나코빗 예치금 포인트 지급 중단한신기계 286% 일동홀딩스 196% 껑충 소형주 상승세 심상찮네반토막 난 카카오 대표 성장주도 금리인상에 발목디지털 플랫폼 서비스 매출 69조,1.0
2022.05.10,카카오페이,성장주 간판 카카오그룹 올 들어 시총 35조 증발예비군 훈련 소집 통지서 내일부터 모바일로 받는다코스피 17개월만에 최저 빅스텝 여파 2600선도 위협긴축 찬바람에 기술주 비트코인 꽁꽁 반등은 없을까큐피엠네트웍스 스마트 매장 지원 큐오더 선봬 자영업자 투자 부담 고민 해소추락하는 코스피 2500선까지 밀릴 수도자체 AI가 신용평가 중저신용자 대출 승인율 4배로코스피 2610 17개월 만에 최저큐피엠네트웍스 스마트 매장 지원 큐오더 선봬 자영업자 투자 부담 고민 해소오늘의 증시 일정 5월 10일갤S22 공짜폰에 차비 10만원 은 덤 단속 비웃는 성지점,1.0
2022.05.11,카카오페이,4거래일 연속 하락 카카오페이 공모가도 위태카카오페이 공모가 9만원 밑으로 진짜 바닥 찍은 게 맞을까BIG 빅테크 비트코인 위험자산 날개없는 추락R공포 에 증시 원화 코인 동시 비명 코스피 2500선도 위험과도한 공모가에 상장철회 IPO 주관사 시름 깊어진다휴대폰 호갱 더이상 안 된다은행들 기죽이던 카카오 금융 시총 반토막카오 된 카카오의 굴욕만취해 대리비 280만원 이체 했는데 기사는 연락두절 돈 돌려받은 방법코스피 17개월 만에 2600선 붕괴대기업까지 커버리지 확대 IPO 신기술금융 IB 명가 2022헤럴드경제 자본시장 대상기관투자 규제 풀리면 대출금리 2%P 인하 여력,2.0
2022.05.12,카카오페이,이 가격엔 상장 못 해 원스토어 태림페이퍼 결국 IPO 철회원스토어도 결국 상장 철회 투자 심리 급격하게 위축원스토어 태림페이퍼 상장 철회 IPO 시장 거품 빠진다시총 확 줄어든 HDC 카카오그룹,1.0
2022.05.13,카카오페이,1년 새 1조원 빠져나갔다 찬바람 부는 공모주펀드망분리 개선 환영 금융업권 역할 중요한 때정부 빅테크 금융사 규제 나선다미국발 물가 쇼크 자산가격 줄하락,1.0
2022.05.15,카카오페이,카카오뱅크 페이 동반자 경쟁자 시너지 가능할까규제엔 면허로 카카오의 정공법 이젠 종합금융그룹,1.0
2022.05.16,카카오페이,국민주라더니 연일 바닥 뚫는 카카오형제들대어 마저 공모가 아래로 뚝 IPO시장 거품 꺼지나스톡옵션 한탕주의 그 후영수증 사진만 찍어도 가계부 정리를 알아서사료주 폭등세 틈타 지분 매각 대주주 차익실현에 개미 한숨빅테크 수수료율 공시 누굴 어떻게 고민빠진 금융당국,1.0
2022.05.17,카카오페이,역금융장세 금융 운송 등 저PER 종목 눈길,1.0
2022.05.18,카카오페이,하나투어 들어가고 풍산 부광약품 빠지고대출 갈아타기로 금리 13%p나 낮춰 대출중개 핀다 주목영국에선 플랫폼이 된 마이데이터 사업자,1.0
2022.05.19,카카오페이,개미 1400만명 거세지는 주주 행동주의 CEO 연봉까지 정한다토스 카카오페이 즐겨쓰는 뉴시니어 모바일 익숙하지만 오프라인도 중요카카오 김범수 장애인 고용 위해 사재 100억 내놨다만 50 64세 뉴시니어 세대 68세 은퇴 정기수익 추구,0.0
2022.05.20,카카오페이,페이 수수료 6개월 마다 공시 소상공인 부담 줄어들까빅테크 간편결제 수수료율 6개월마다 공시 의무화 공감대5060 뉴시니어 은행 영업점보다 앱 선호한다수익률 5 6% 원금보장 지키는 투자 선호하는 뉴 시니어 5060 현금부자들의 재테크자산 1억원 이상 뉴시니어 뱅킹 앱 키오스크 애용투자보다 안정 택한 뉴시니어 원금보장 정기 수익이 최우선간편결제 수수료도 공시한다 신용카드와 형평성 맞추기카카오페이 사잇돌2 대출상품 내놔5060 뉴시니어 83% 모바일로 은행업무 OK지출 분류 분석 정교한 미국 유럽 뭉뚱그려진 한국뉴시니어 투자때 안정성 최우선 고려,1.0
2022.05.22,카카오페이,,1.0
2022.05.23,카카오페이,이마트24서 와인 살 때 카카오페이 쓰면 30% 캐시백쿠팡 직원들에게 주식 또 준다 세금 부담 덜어주려KKR 크레디트 펀드 토스페이먼츠 첫 투자페이 수수료 6개월마다 공시 추진 공약 지켜지나아시아인들과 함께 쓰는 K 앱 스마트폰 밖으로 나온 토스구인난 지친 IT 기업들 허리급 인재 사수하라규제 코로나 경기침체 3중고 감원한파 몰아치는 기업순수 핀테크의 비애 부족한 락인 효과 메울 묘책은,1.0
2022.05.24,카카오페이,카카오페이 CEO 산하 ESG 추진위 신설뮤직카우 카카오 출신 CISO 영입카카오 통해 코로나 정보 23억번 조회 카카오 코로나 백서 두 번째 이야기 발간,0.0
2022.05.25,카카오페이,카카오페이 ESG 추진위원회 신설카카오페이 업계 최초 ESG 추진위원회 신설성적부진 새내기주 카뱅 크래프톤은 선방현금 필요 없어 편리 10명 중 8명은 간편결제서비스 이용,1.0
2022.05.26,카카오페이,카카오페이 전 월세대출 중개 서비스 개시카카오페이 멤버십 천만 돌파최대 95% 뚝 1년새 상장사 10곳 중 7곳 주가 추락공공 의료 통신 쇼핑 등으로 마이데이터 확대돼야마이데이타로 열린 금융혁신 시대람다256 1000억 실탄 확보 내달 NFT 진출,1.0
2022.05.27,카카오페이,카카오페이 멤버십 가입자 1000만명 돌파상장사 72% 1년새 주가 하락고금리 긴축 폭풍우 에 우수수 추락한 성장주 주가삼성전자 덜어낸 연기금 2차전지 외 이거 담았다,1.0
2022.05.29,카카오페이,네이버파이낸셜 3대 빅테크 중 유일 흑자 비결은IPO 대어 네이버파이낸셜 상장 보다는 성장 이 먼저,2.0
2022.05.30,카카오페이,IPO 우리사주 보호예수 묶인새 폭락외식업계 수수료 줄이자 배달앱 가속 자체 앱 키우며 승부,2.0
2022.05.31,카카오페이,오고 싶을 때만 회사 오세요 카카오 7월부터 근무 완전 자율화연기금 무섭게 사들이더니 카페 2주동안 26% 올랐다금감원 퇴직자 무더기 로펌행 금융사 방패막이 역할 우려카카오 파격 도전 7월부터 메타버스 근무제 실험Z세대 금융거래도 게임하듯 톡톡 모임 데이트 통장 모바일 앱으로리츠 수두룩 이거 공모주 펀드 맞아요,1.0
2022.06.01,카카오페이,카카오페이 경력 공채 세자릿수 모집국민비서 구삐 금융사 앱으로 확대사명 확정부터 임원영입까지 카카오페이손보 출범 채비,1.0
2022.06.02,카카오페이,인재 영입에 사활건 핀테크 업계 스톡옵션 드려요IPO 재도전 레몬헬스케어 올해 매출 3배가량 늘린다중금리대출 늘린 인뱅 건전성 괜찮아요코스피200 신규편입 종목 공매도 공포 스멀스멀연 10% 고금리 적금 뜯어보면 미끼상품,2.0
2022.06.05,카카오페이,코인 2200만개는 106억 억개는 123억 지급결제업계 고무줄 자산,0.0
2022.06.06,카카오페이,잔치 끝난 글로벌 경제 지배구조 개선 새 틀 만들어야 심층기획 정부 자본시장 개선 국정과제대체거래소 참여 너도나도 손들었는데 메리츠 토스 관심없는 이유가계대출 시중은행 감소하는데 인터넷은행은 증가세,2.0
2022.06.07,카카오페이,우리 애가 안 봤으면 쿠팡 200만원 현금깡 규제할 방법 없다마이데이터 블루칩 16 마이데이터 기업 고민 해결사 쿠콘,0.0
2022.06.08,카카오페이,알리페이 카카오페이 500만주 블록딜 추진대형사 인력 흡수 나선 카카오손보크래프톤 임원 7명 중 6명이 40대 카카오 네이버도 비중 70% 넘어직원들은 좋겠네 CEO가 커피차 돌리고 테슬라 빌려준다는데쥬라기 월드 카드속으로 신한 캐릭터 카드에 적용300만원짜리 구글 주식 1000원어치만 살게요직장 멘토 스마트폰 교육 이웃 돕고 시간화폐 적립한다,1.0
2022.06.09,카카오페이,카카오페이 이번엔 2대주주 블록딜에 % 급락카카오페이 블록딜 쇼크 8만원대로 털썩카카오페이 블록딜 사태 진화 알리페이와 협력 이어갈것2대주주 매각에 카카오페이 충격카카오페이 알리페이 블록딜에도 파트너십 강화끝없는 내리막길 알리페이 블록딜 에 카카오페이 15% 폭락보험사도 뭉쳐야 산다 통합 원 앱 시대 열린다개미만 우는 블록딜 카카오페이 시총 2조 증발싱가포르서도 카카오페이로 결제카카오 메타버스 근무 직원 반발에 주춤알리페이 4700억원 쥐는데 개미 주식은 반토막갈 길 구만리 돌 맞은 온투업계 이구동성,1.0
2022.06.10,카카오페이,카카오페이 이어 롯데칠성 연이은 블록딜 쇼크 에 급락신한손해보험 출범 초읽기 디지털손보사 4파전오늘의 증시 일정 6월 10일오늘의 증시 메모 6월 10일저축은행간 신원증명 간소화 등 혁신서비스 2년 더카카오페이 너마저 우리사주 대박 의 꿈 꺾이나디지털 전환 외치더니 금융권 IT 인력 % 불과주가 좀 오를만하면 블록딜 폭탄 개미들 날벼락금리 노마드족의 필수코스 정착 대출비교플랫폼 날개 달다금융사 신규채용 33%가 IT인력 구인난에 인재 직접 육성도,0.0
2022.06.12,카카오페이,BTS 아미처럼 핀테크도 ESG 속도내야,1.0
2022.06.13,카카오페이,카카오페이 급락에 우리사주 1인당 손실 1962만원IPO대어 줄줄이 공모가 하회카카오페이증권 해외주식도 카톡으로 선물카카오페이 FTSE 편입으로 한숨 돌리나금융지주 빅테크 등에 업은 손보사 온다 업계 메기될까Z세대 를 잡아라 캐릭터 활용한 마케팅 공들이는 카드사 마이머니하와이 호텔 예약하니 현금으로 12% 돌려주더라,0.0
2022.06.14,카카오페이,코스피200 종목 모조리 곤두박질 2400선까지 열려있다국민주 삼성전자 연일 바닥뚫어 코스피 급락에 시총 톱100 와르르코스피 % 블랙먼데이 2500선 겨우 턱걸이물가발 증시쇼크 코스피 91P 대폭락2500선 턱걸이 코스피 연중 최저치로 444개종목 신저가 경신해외투자자 이탈 움직임에 증권사들 고객 붙잡기 경쟁카카오페이증권 카톡으로 해외주식 선물하세요페이 울고 뱅크 웃고 엇갈린 카카오 핀테크올해 카카오 그룹 시총만 43조 증발개미 가죽 벗기는 스캘핑 횡설수설 홍수용자이언트 스텝 공포 코스피 2500 턱걸이미국 물가 충격에 국내증시 88조 증발 환율도 원 급등5만전자 코앞 물가 천장 뚫자 바닥 뚫은 대형주미국 물가 충격에 국내증시 88조 증발 환율도 원 급등,1.0
2022.06.15,카카오페이,규제 리스크 평판 악화에 카카오 알짜 모빌리티 매각 강수사라진 IPO 우리사주 대박 꿈 빚방석 내몰린 영끌 직원들보험 비대면 가입이 대세카카오 네이블커뮤니케이션즈에 제기한 특허무효소송 기각삼전 하닉 대형주 줍줍한 개미 6월 중간 성적표는대출 비교 플랫폼에 신용대출만 있고 은행 주담대는 없다,1.0
2022.06.16,카카오페이,카카오페이 월간 거래 10조 첫 돌파대출금리 비교 플랫폼 주담대로 보폭 넓힌다카뱅에 뜬 김애란 콘텐츠 채우는 은행앱법무부는 허용 금융위는 불허 기재부 부처간 통합 조정해야신원근 카카오페이 대표 자사주 1만5000주 매입KB국민카드 카카오페이 손잡고 동남아에 디지털금융 생활 서비스KB국민카드 카카오페이 동남아 등 해외시장 진출 맞손KB국민카드 카카오페이 동남아 등 해외 동반진출 추진,1.0
2022.06.17,카카오페이,국민카드 카카오페이 동남아시장 동반 진출KB국민카드 카카오페이 원팀으로 동남아 공략신원근 카카오페이 대표 자사주 12억원어치 매입신원근 카카오페이 대표 12억 규모 주식 매입 주주가치 제고카카오페이 KB국민카드 동남아 등 해외 동반 진출 MOU 체결장 중 기업공시 6월 16일삼성 LG 카카오페이 미래산업 경기도 중학생에 진로체험 기회착한 가격에 실속 챙겼다 LGU 30만원대 갤럭시 버디2 출시,1.0
2022.06.19,카카오페이,임원진 등 내부자들 스톡옵션 먹튀 막는다믿었던 국민주 줄줄이 반토막 개미 증시가 지옥 같아요삼성디스플레이 2노조 출범 열흘만에 200여명 모여,0.0
2022.06.20,카카오페이,코스피 악몽의 1주일 외국인 배당 정유 는 샀다강달러 엔저에 바빠진 환테크족 환전수수료 아끼려면국내 1위라더니 카카오모빌리티 매각설 왜 나오나블루오션 디지털보험시장 판 커진다핀테크 기업들이 콘텐츠 에디터 채용 늘리는 까닭은사라진 우리사주 대박꿈 크래프톤 1인당 6500만원 손실대출비교플랫폼 통한 가계대출 3조원대 전체 대출 %,1.0
2022.06.21,카카오페이,간판 기술주 네이버 카카오도 52주 신저가가계대출 조여도 플랫폼대출은 고공행진신한카드 잔망루피 신용카드 출시삼전 네 카 2020년으로 돌아간 증시대출 플랫폼 통한 은행 가계대출 작년 3조1000억한국타이어 iF 디자인 어워드 수상 외,1.0
2022.06.22,카카오페이,NHN 한컴 웃었다 자사주 매입 효과 톡톡% 기업은행 상상초월 금리 뽑기 운 좋은 직장인 모여라먹튀 사태 후폭풍 주주들 등쌀에 자사주 매입 나선 기업들주가가 너무해 자사주 매입한 상장사 작년의 2배주가 방어하라 NHN 300억 한컴 100억 자사주 매입중대형 중소기업 이커머스 시장에서 자사몰 D2C 구축 변화 불러온다세계 최대 블록체인 행사 컨센서스 테라 하락장에 시선 집중직원도 안 산다 우리사주 인기 뚝,0.0
2022.06.23,카카오페이,주담대 대출비교 2조 돌파 담비 핀테크 메기될 것 종합외인이 집중 매도한 종목은 삼성전자 아닌 이 종목공모주 대어들의 부서진 꿈,1.0
2022.06.24,카카오페이,마이데이터 기반 카드 추천 카카오페이 업계 첫 서비스빚투 개미 오늘 청산폭탄 터지나 폭락장 역대급 반대매매 우려지네발 빅테크에 은산분리 는 허울 동일 기능 동일 규제 적용해야파월 발언에 동학개미 팔자 상장 종목 절반이 52주 신저가커지는 비대면 주담대 시장 플랫폼 메기 경쟁주택대출 주춤한데 대출중개 플랫폼까지 갈곳 잃는 대출모집인,1.0
2022.06.25,카카오페이,올 여름 77조 대주주 기관 물량 풀려 개미들에게 직격탄,1.0
2022.06.26,카카오페이,,1.0
2022.06.27,카카오페이,조 카카오모빌리티 매각 카카오페이 먹튀와 뭐가 다르냐동남아 공들이는 카드사 우리카드 할부금융 진출카카오 IPO 플랜 이상 신호 잇따른 리스크 어쩌나고객에 더 좋은 대출마이데이터 사설인증 시장 네이버 싹쓸이 44개 기업 중 39개신용대출부터 주담대까지 대출 비교 중개 플랫폼 무한팽창,2.0
2022.06.28,카카오페이,카카오페이는 반토막 구원투수 연기금 수익률 굴욕토스뱅크 카드론 대환대출 확대 떨고있는 기존 업계줄기차게 팔더니 한 달 만에 5만 전자 줍줍 나선 외국인쏘카의 품절주 전략 얼어붙은 IPO 시장 뚫을까세븐일레븐 호주 쉬라즈 와인 기획전월 1만 원 넘는 OTT 단기구독 서비스 다변화 목소리,2.0
2022.06.29,카카오페이,쿠팡깡 네이버깡 들어보셨나요은행들 디지털인재 확보 총력전 횡령 이슈에 내부통제체계 강화호주산 시라즈 와인 20% 할인차별화된 사업 포트폴리오로 신성장동력 마련호주서 온 명품 와인 드셔보세요호주산 시라즈 와인 20% 할인,1.0
2022.06.30,카카오페이,모빌리티 매각설 진통 카카오 CAC 컨트롤타워 역할 커졌다네이버 카카오 SRT 간편결제 격돌아미들의 눈물 섞인 투매 하이브 보호예수 물량 폭탄 주의보카카오페이삼 카 네 는 잠시 멈추고 다른 종목 삼켜 볼 때IPO시장 열기 누가 잠재웠을까KB모바일인증서 2년만에 본궤도 국민은행 올해 대외확대 원년,1.0
2022.07.01,카카오페이,고금리 시대 %라도 아끼고 %라도 올리자LG엔솔도 카카오페이처럼 될까 떨고 있는 개미들,2.0
2022.07.02,카카오페이,앞으로 두배 더 오른대 그 말 믿고 덥석 사면 큰일 납니다이 앱은 안전한 결제시스템을 쓰지 않는다 결제하시겠습니까,0.0
2022.07.03,카카오페이,,1.0
2022.07.04,카카오페이,라인 야후 합쳐 완성한 Z경제 이젠 구글 페북에 맞설 빅테크로 글로벌 리포트재테크 빙하기시대 슬기로운 예적금생활은디지털도 만만찮네 적자 심화된 디지털보험사들하반기 IPO 대어 줄줄이 출격한다실적 없어도 적립 실속족에 했다내부자 지분 매도 땐 사전공시 등 소액주주 보호 강화 믿투 조성 코리아 디스카운트 벗어나자툭하면 항공기 지연 위로와 보상이 필요해착한 연회비로 전세계 공항라운지 이용,1.0
2022.07.05,카카오페이,카카오 신사옥 판교 아지트 열어취업희망 금융기업 1위 카뱅 이어 KB국민은행 토스하반기 IPO 관전포인트는 쏘카 현오뱅 케이뱅크 컬리 출격 해 뜰까,0.0
2022.07.06,카카오페이,마이데이터 반년 규제혁신 없이는 경쟁력 없다현대카드 카드사 최초 후불결제 서비스 도입어디서 대출 받을까 비교플랫폼 봇물카카오 자회사 줄상장 부메랑으로 돌아오나은행 예대금리차 매월 비교 공시된다,0.0
2022.07.07,카카오페이,청양군 납세자 맞춤형 카카오톡 서비스 시작예대금리 매달 공시 은행 압박 거세진다은행별 금리차 한눈에 파악 고객 잡으려 대출금리 내릴듯은행 핀테크간 신기술 서비스 공유 협력 창구 꾸렸다너무 싸진 네카오 현금흐름 악화 계열사 상장 부담 극복할까카드도 안 받던 베트남 이제 페이면 끝토스뱅크 카드론 대환대출 잠정 중단 카드사 반발 의식했나금융사 일반 고객에 사모펀드 등 고위험 상품 권유 못한다은행 예대금리차 매달 공개해 경쟁 붙인다,0.0
2022.07.08,카카오페이,동양생명 카카오페이 인슈어테크 혁신 MOU카카오페이로 보험료 납부 동양생명 서비스 업무협약SKT 다음달 MSCI지수서 빠질 듯저금리 경쟁 트리거 될라 대환플랫폼 추진에 은행 당혹일반 소비자에 사모펀드 파생상품 등 고위험 상품 권유 금지여야 한목소리에 대환대출 플랫폼 구축 다시 수면위로카카오모빌리티 매각 수순 대기업 딱지 떼면 잘나갈까대형 카드사도 뛰어든 BNPL 가입 쉬워 연체자 양산 우려고객 요청 없으면 사모펀드 등 고위험 상품 권유 못 한다,1.0
2022.07.10,카카오페이,자사주 판 네이버 임원 사들인 카카오이근주 협회장 ESG핀테크 확산 가감없는 전방위 소통 노력,0.0
2022.07.11,카카오페이,겹악재 카카오그룹 시총 68조 증발KG이니시스 카카오페이 간편결제주 꿈틀성장주 대명사 카카오그룹 1년도 안돼 시총 반토막신한EZ 카카오손보 디지털 보험 도전장패션 플랫폼 페이 전쟁 브랜디 에이블리도 가세카카오그룹 시총 7개월새 68조 증발 커지는 개미들의 한숨카드사 수수료는 3년마다 깎고 빅테크 간편결제엔 동일기능 아냐뱅킹 서비스 1위는 토스 3개월 연속 카카오뱅크 제쳐오익근 대신증권 대표 1등DNA로 난국 타개 배당 계획대로 아시아 초대석,0.0
2022.07.12,카카오페이,너무 떨어졌나 외인 기관 수출 성장 담았다경계 희미해진 금융영역 빅테크 정통금융 충돌카카오 노조 투기자본에 모빌리티 매각 반대7% 적금 새벽 긴 줄 1개월 1계좌 만 허용에 발돌려 인사이드 인사이트원샷대출 고민하는 금감원 토스 서비스 불투명,1.0
2022.07.13,카카오페이,카카오페이 GA 한국형 보험 비교 서비스 출시매각설에 표절 의혹까지 카카오 공모 기대주 잇단 잔혹사세계 ICT 100대 기업중 한국 단 2곳 56 9 8곳가상자산은 증권인가 아닌가금소법 시행령에 핀테크 반발관심사로 세계인 하나로 연결 메타버스 타고 글로벌 무대로 K브랜드 리포트,1.0
2022.07.14,카카오페이,LG엔솔 카카오페이 등 20종목 주식선물 상장카카오페이증권 주식 선물하면 100만원 매일 추첨사자 분위기에 자사주 풀베팅 속 타는 MZ세대,0.0
2022.07.15,카카오페이,홈플러스에 카카오까지 노조 벽 부딪힌 MBK파트너스카카오 남궁훈 홍은택 투톱 체제로,1.0
2022.07.17,카카오페이,상장사 둘중 한곳 주가 고점대비 40% 주르륵,0.0
2022.07.18,카카오페이,원화값 약세에 금리인상 겹쳐 코스피 외인지분 30% 붕괴 눈앞,0.0
2022.07.19,카카오페이,초딩 자녀 스마트폰 감시앱 뚫고 유튜브 켠다 어떻게토스 슈퍼앱 전략 통했다 MAU 압도적 1위카카오페이 토스 앱에서 모든 저축은행 계좌 이용할 수 있다과거엔 나도 블록체인 불신론자 카톡 쓰듯 NFT 주고받는 날 온다삼성카드 홈페이지 앱 플랫폼 고도화대환대출 플랫폼 구축 재논의 필요 핀테크업계 건의사항 보니코드에프 데이터 중개시장 독주,1.0
2022.07.20,카카오페이,빅테크 선구매 후결제 과소비 조장 논란카카오페이 내 보험 리포트 마이데이터 기반 맞춤 분석내 또래는 어떤 보험에 카카오페이 비교서비스진에어 제주 노선 얼리버드 프로모션 오픈핀테크 돈잔치 끝났다 벨트 꽉 매라지도앱서 예매 호텔로 짐배송 올여름 기차여행 더 편리해진다,0.0
2022.07.21,카카오페이,카카오페이 보험 비교 분석 내 보험 리포트 서비스또래 보험과 비교하세요 카카오페이 서비스 도입안마받고 낮잠 꿈의 사무실 여기는 카카오 판교 아지트보험시장 뛰어든 정보 기술 대기업 3사 뜨거운 서비스 경쟁지갑 얇은 MZ세대 잡자 불붙은 디지털 외상 서비스,2.0
2022.07.22,카카오페이,통신서도 미친 만족감 드리겠다 진격의 토스 금융 이어 통신까지오픈 파이낸스의 진짜 가치,0.0
2022.07.24,카카오페이,카드 썼더니 진짜 20만 원 주네 이래도 괜찮을까요 내돈내산,2.0
2022.07.25,카카오페이,쿠팡페이 충전금 전액 보호받는다AI 메타버스 금융서비스로 고객 선점SKT 하나금융 테크핀 협력 4000억 규모 지분 맞교환 체결카카오 계열사 CTO들 모여 기술윤리 점검한다카카오 국내 기업 첫 기술윤리위 신설카카오 국내 기업 최초로 기술윤리 위원회 신설국내기업 첫 기술윤리 카카오 사회적책임 강화카카오 국내 기업 최초 기술윤리 위원회 신설 사회적 책임 강화,1.0
2022.07.26,카카오페이,카카오 국내 기업 최초로 기술윤리위원회 신설카카오 국내 최초 기술윤리위원회 출범 알고리즘 투명성 강화LG엔솔 996만주 물량폭탄 맞을라 기관은 공매도 베팅우리사주카카오 국내 기업 최초 기술윤리 신설LG엔솔 코스피 2400선 다시 무너뜨리나말 많은 전금법 핀테크 업체 중앙은행에 지준금 예치할 수 있나 차현진의 한 이야기,0.0
2022.07.27,카카오페이,간편결제 웨어러블로 확산다른 회사 카드도 추천 가능 카드사 1사 전속 규제 완화현금 없이 당근거래 사용자 6배 늘었다정관장몰이 쏜다 5주년 생일이 애5 프로모션,1.0
2022.07.28,카카오페이,LG엔솔 보호예수 해제 악재에도 39만3500원 약보합세 주가 방어거래소 주식선물 20종 옵션 5종 추가 상장만원 이상 구매 시 2000원 쿠폰 증정모바일 운전면허증 발급 전국 확대 은행 이통사 편의점에서 쓴다찐부자 IT 고소득자 잡아라 불붙는 증권사 특화지점 선점 경쟁텐센트는 반등할 수 있을까,1.0
2022.07.29,카카오페이,모바일 운전면허증으로 은행 계좌 만드세요카드사 결제연동 시스템 공개전부터 반쪽짜리롯데온 72시간 라스트찬스 행사 여름휴가 상품 최대 72% 할인,1.0
2022.07.31,카카오페이,2조 규모 인천지역화폐 카드사 대격돌,0.0
2022.08.01,카카오페이,전용 물류센터 구축 서 3일내 직구배송 목표쏟아지는 보험상품 옥석 가리기 빅테크로 맞춤 분석 OK 마이머니삼성카드 케이뱅크 고객 위한 케뱅 iD카드 출시,1.0
2022.08.02,카카오페이,IBK 다올투자증권 미국주식 거래 재개된다 서학개미들 휴대기업 여성관리자 비율 여전히 20% 미만,1.0
2022.08.03,카카오페이,카카오페이 2분기 57억원 순손실 거래액 29조 돌파3800만명 쓰는 카카오페이 하반기 주식 보험 대출 공략 종합적자 폭 커진 카카오페이 2분기 영업손실 125억원카카오페이 2분기 125억 손실 자회사 출범으로 비용 늘어여성 관리자 몇명이냐고 쉬쉬하는 대기업들고부가 제품 확대에 한국타이어 실적 선방불리고 싶을땐 금감원 파인 빌리고 싶을땐 대출비교플랫폼남의 떡 커보이네 1등 플랫폼 슈퍼앱 전쟁한때 국민주 카카오뱅크 카카오페이 이제는 고민주 로간편결제 종합만족도 1위는 삼성페이,2.0
2022.08.04,카카오페이,이자장사 잘한 카뱅 역대급 실적 카카오페이는 하반기 웃는다금융BTS 키운다더니 규제로 토스 네이버 카카오 혁신 발목역대 최대 실적에도 긴장감 도는 카카오 내실경영 총력남궁훈 카카오 대표 광고 수익 구조 롱테일 로카카오 2분기 사상 최대 매출 하반기 카카오톡 전면 개편한다존재감 잃어가는 체크카드 MZ세대 중심 간편결제 대세로김성준 렌딧 대표 금융 대출 플랫폼으로 저변 확대,1.0
2022.08.05,카카오페이,블록딜 로 설설 긴 카카오페이 자회사 성장 업고 날아오르나카카오 실적 선방 하반기 새 카톡 으로 도전장카카오 계열사 고른 성장에 주가도 카카오 하반기 성장 동력은일제히 뛴 BBIG 성장 바닥 찍었나박종수 서울시 스마트도시정책관 어르신들도 편리한 디지털 세상 서울 만듭니다 인터뷰통신비 내역 보면 신용 보인다 통신3사 신용평가 진출,2.0
2022.08.07,카카오페이,MZ세대 맞춤형 카드 인기 만원을 쓰더라도 똑똑하게 돈창,0.0
2022.08.08,카카오페이,결국 직원 자르고 챗봇 핀테크 고액연봉 칼바람기관투자자 탈출용 컬리 적자에 상장 강행경기 나빠지는데 연봉 눈높이 는 그대로 핀테크 채용 포기 속출카드발급 자동이체 대금출금 다 채우면 연 10% 드려요네페 카페 하반기엔 오프라인 승부적금은 무조건 6개월 이상 누가 정한 건가요온라인 예금중개 서비스 연내 도입 금융 플랫폼화 속도낸다부풀려지는 상장가치 된 인가 홍길용의 화식열전체크카드 서비스 축소 6개월전 알려라,2.0
2022.08.09,카카오페이,편의성 높인 우리금융 우리페이 간편결제시장 판 바꾸나쏘카 시총 1조 포기하나 빨간불에 상장 직진 or 스톱사업성 불투명한 소액단기보험 겉돌다티웨이항공 취향저격 28일까지 국제선 특가연 % 알고보니 1만명 추첨 허탈 금융권 고금리 미끼 낚시 마케팅 활개배서현 세한NFC 대표 간편결제 인프라 앱 하나면 충분합니다,1.0
2022.08.10,카카오페이,진격의 카카오페이 선불충전금 1위 사업자 올라경기둔화에도 네이버 카카오 성장 비결은 신규 사업 자신감오늘의 증시 메모 8월 10일오늘의 증시 일정 8월 10일후불결제 판 키운 핀테크 연체 공유 안 돼 다중채무 관리 사각잇단 전산사고에도 대형증권사 IT투자 인색8월은 주민세 납부의 달,2.0
2022.08.11,카카오페이,네이버 카카오 NHN 오프라인 결제 늘었다인터마인즈 무인판매기 돌풍 독보적 기술로 70억 투자 유치MSCI 8월 지수 변경 카카오페이 편입 가능할까,2.0
2022.08.12,카카오페이,코스피 2520선에 카카오 삼형제 급등 반짝하다 탈락할지도신용점수 관리부터 대출 매칭까지 핀테크 원스톱 서비스 경쟁폴더블폰 대중화 이통사도 마케팅 열전코스피 2520선 되찾았지만 성장주의 시간은 아직머니 매니저의 HOT종목,1.0
2022.08.13,카카오페이,SK텔레콤 MSCI 지수 아웃 당분간 주가 변동성 커질 것제도 허점 노린 불법 코인 개인거래 기승카카오T가 카카오를 떠나야 하는 이유,2.0
2022.08.14,카카오페이,,2.0
2022.08.15,카카오페이,지방정부 17곳 경기부양 올인 2개월간 34억위안 소비쿠폰 뿌려,2.0
2022.08.16,카카오페이,체크카드 페이도 신용카드처럼 규제 업계 소비자 편익 줄어들 것 반발카카오톡 진화 오픈채팅 에 맡긴다 진입점 확대하고 광고 송금까지가계대출 감소 속 플랫폼 대출 흥행 왜,1.0
2022.08.17,카카오페이,올해 상반기 연봉 킹 은역시 연기금 10개 사서 10개 다 수익 냈다대나무 천장 뚫은 지 2년만에 사임 글로벌 자본시장 K 파워 흔들대출 플랫폼 3강구도 네이버가 깰까한국보험대리점협회 온라인플랫폼 보험대리점 진입허용 반대얼마만의 출국이냐 똑똑하게 보험들자금융 플랫폼 주도권 싸고 은행 vs 빅테크 선점 경쟁 가열삼성카드 케이뱅크 삼성iD카드 야놀자부터 넷플릭스까지 할인,1.0
2022.08.18,카카오페이,금융위 전금법 개정 카톡 송금하기 못한다폴드2 3 써본 기자의 폴드4 사용기,0.0
2022.08.19,카카오페이,카카오에 남는 모빌리티 상생 수익 두 토끼 잡는다FOMC 긴축 의지 재확인 코스피 2500선 턱걸이키움증권 MTS 왕좌 지킬까 7년만에 업그레이드카드사 앱 의 진화 커피 주문 영화예매 문제없어요우수 제품도 사고 기업도 살리고 역대 최대 동행축제 1일 개막못믿을 공모가 작년 상장 89곳중 58곳 마이너스 수익률국내주식 소수단위 거래 9월엔 힘들듯카뱅 캐시백 등 혜택 시즌제 체크카드 사라지나,1.0
2022.08.21,카카오페이,카톡송금 금지 된다고 카카오 시총 2조 증발10% 밑으로 떨어진 영업이익률 카카오가 택한 돌파구는 광고2분기 실적시즌 마무리 상장사 목표가 내리막자금세탁방지 평가 등급제 표창 논란 없앨까,0.0
2022.08.22,카카오페이,매각 철회 이끈 카카오 파업 불사 네이버 IT업계 노조 파워대구로 출시 1년 만에 주문금액 617억원 기록간편송금 사기 느는데 익명에 계좌 요구도 않는 오픈채팅 송금성장의 상징 네카오 성장둔화 우려 커졌다간편송금 은 앞으로도 계속 간편할까6 핀 테크 말고 핀 테크 로 접근최대 실적 쏟아졌지만 상장사 10곳 중 7곳 목표가 하향 조정네이버 개인 대출비교 시장 나서나 페이 넘어 금융플랫폼으로 키운다PC 못잖은 태스크바 Z폴드4 신의 한 수핀테크 업계 간편송금 주홍글씨 낙인 강력 반발은행별 예대금리차 한눈에 본다 이자 장사 개선될까,1.0
2022.08.23,카카오페이,개미들 카카오 4400억 샀는데 증권가선 아직 바닥 아냐으르렁 은 옛말 전략적 협업 늘리는 금융사 핀테크하락주범 아니라는데 블록딜 에 줄줄이 내리막은행 예대금리차 첫 공개 신한은행 %P 눈총아 옛날이여 데뷔 좌절 몸값 몸살 IPO시장은 한여름 혹한기네 카 토 보험출시 논의에 보험설계사 일자리 뺏긴다아 옛날이여 데뷔 좌절 몸값 몸살 IPO시장은 한여름 혹한기정부 1호 혁신 온라인 보험비교 놓고 시끌NHN페이코 실물카드 전면에 오프라인 결제 시장 정조준한국 왜 G인가 코리아 디스카운트 극복하려면한국 왜 G인가 코리아 디스카운트 극복하려면꿈의 숫자 코스피 5000 거버넌스에 길 있다NHN페이코 실물카드 전면에 오프라인 결제 시장 정조준,1.0
2022.08.24,카카오페이,왜 핀테크만 원가 공개하나 네이버 카카오 토스 100여곳 멘붕2분기 성적부진 새내기 울상시총순위 요동 조선 방산 날고 게임 추락다양한 서비스 가능하게 금융사 플랫폼 구축 지원온라인서 보험 비교 추천 이르면 10월 가능해진다온라인 플랫폼서 예적금 보험 한 눈에 비교한다빅테크 앱에서 예금 보험 비교 추천 가능해진다빅테크 보험 중개 거스를 수 없다네이버 카카오 등도 예금 보험 판매 중개플랫폼 되려는 금융 골목상권과 갈등 예고금리 낮은순 정렬도 안되는 졸속 공시 기대 컸는데 실망김주현 금융위원장 규제완화 광폭 행보 금융권 빅테크 반색네이버 밴드 서 5년내 1000만 월 이용자 모을 것은행 보험사 사실상 납품처 전락 빅테크 금융시장도 삼키나,1.0
2022.08.25,카카오페이,지속적인 유니콘 기업 탄생을 위한 스타트업 문화데이터가 돈이다 자산관리 간편결제 등 앱 통합 생활금융 플랫폼으로 진화,0.0
2022.08.29,카카오페이,세지는 네카오 IT노조원 1년새 40% 급증5대 금융지주 슈퍼앱 연합 그룹 보험사는 빅테크에 SOS김대윤 피플펀드 대표 대출 수요 월 15조원 넘는다 규제 더 풀어야금리인상에도 늘어나는 빚투 증시 뇌관 될까,1.0
2022.08.30,카카오페이,OO페이 후불결제 스몰 라이선스 제도로 규제해야온투업 기관투자 모집 규제 완화해야성장주 파월 쇼크 네 카 시총 하루만에 3조 증발빅테크 만난 금감원장 책임 있는 금융혁신 강조카톡으로 전통시장 단골 관리 고도리 만큼 쉽죠이복현 간편결제 수수료 공시안 합리적으로 마련할 것금감원 캄보디아 라오스 등 신흥국 금융당국 핀테크 연수 실시현재 웹3 상황 닷컴버블 때와 비슷 카톡같은 슈퍼앱 나와 생태계 조성해야,1.0
2022.08.31,카카오페이,핀테크계 BTS 육성 이복현 해외 진출 돕는다 종합간편결제 수수료 직접 개입 안하겠다 금감원장 네카오에 약속대환대출 원스톱 플랫폼 재추진 은행들 고객 뺏길라 난색이복현 핀테크 종합 플랫폼 도약 돕겠다이복현 간편결제 수수료 개입할 여지 없어대형 GA 빅테크 보험 진출 대비 디지털 전환 분주고피자의 푸드테크 전략,2.0
2022.09.01,카카오페이,8월의 공매도 폭탄 이런 기업들이 맞았다잠 못드는 영끌족 빚투족 부채 다이어트 길 찾을 때카뱅모임통장 14%가 50대 핀테크에 눈뜬 뉴시니어긴축에 증시 지각변동 카카오 시총 톱10 이탈편의점에서 만나는 스페인 세븐일레븐 9월 스페인 와인 기획전 진행강제저축에 각종 포인트 사냥 전략적 짠테크,1.0
2022.09.02,카카오페이,지름신 부르는 신카 체카 로 갈아타기 도와드립니다김주현 금융위원장 새출발기금 논란 있지만 금융 로 부실 전이 막는 효과도 있다부모님 효도 관광 결혼기념일 케이크까지 회사가 다 해드려요 개발자님은 근무 중21년째 5000만원인 예금자 보호 한도 1억원으로 상향되나,2.0
2022.09.04,카카오페이,카카오뱅크 주가 상장 후 70% 폭락 영욕의 1년카카오뱅크 새롭게 출발해야,1.0
2022.09.05,카카오페이,신용카드 만들면 즉시 50만원 이 문자 속지마세요,0.0
2022.09.06,카카오페이,혜자카드 실종 속 카드테크 뜬다카카오페이 사기 이력 주의 경고문 띄운다카카오페이 모든 송금에 사기 이력 탐지기 적용금융 사기 착오 송금 예방 카카오페이 보호조치 강화,1.0
2022.09.07,카카오페이,핀테크산업 부회장에 이수형삼성페이 천하 끝났다 애플페이 도입에 결제시장 지각변동애플페이 상륙 임박 삼성 카카오 네이버페이 긴장카카오페이 사용자 보호조치 강화 외9월 정기분 재산세 납부 적극 홍보,2.0
2022.09.08,카카오페이,카카오 금융복합그룹 지정 초읽기킹달러 태풍에 삼전 카뱅 등 대형주 무더기 연중 최저가애플페이 한국서도 쓴다 이르면 연말 도입,1.0
2022.09.12,카카오페이,카카오페이 먹튀 방지 위해 임원 등 주식 매매 30일 전 공시10월 출범 카카오페이손보는 개발자 폭풍 채용e심 삼성페이 카톡 불안 편한 번호이동 열었지만 보완점도 상당금융당국 먹튀 금지 추진 경영진 최대주주 내부자거래 사전공시 제도 의무화상장사 임원 주식 매수 매도시 사전에 공시 의무화한다금융에 워킹 뜬다,2.0
2022.09.13,카카오페이,제2 카카오페이 먹튀 막는다 내부자거래 30일전 공시해야내부자 주식 거래 30일 전 공시해야상장사 임원 지분 매각 땐 최소 30일 전 공시해야메타버스 NFT 웹 개척자 들과 미래기술 여행600여개 상품 한눈에 카카오페이 예 적금 금리 비교 서비스 출시상장사 임원 주식 매매 최소 30일 전 공시해야상장사 임원 자사주 거래 30일전 공시해야 스톡옵션 먹튀 차단알뜰 소비 대명사 체크카드의 굴욕 서정은 기자의 나 알 아내부거래 사전공시제 도입에 앞서 생각해볼 것들,1.0
2022.09.14,카카오페이,카카오페이 147개 금융사 예 적금 상품 금리 비교 서비스 출시1년예금 최고금리 주는곳 어디 4% 상상인저축 % 대구증시 빙하기에 찾아온 수신시대 투자자들 뭉칫돈 움직인다오늘의 증시 메모 9월 14일오늘의 증시 일정 9월 14일K시장 흔드는 애플페이 간편결제 판도 소용돌이비전공자도 SW개발자로 디지털 인재 요람 과기정통부 IITP,0.0
2022.09.15,카카오페이,카드값 대출이자 알림톡 떴다 카카오페이 금융일정 서비스주가는 내리막 시총은 반토막 대표 성장주 네 카 의 미래는블루레이커스 대화형 뱅킹 업무시간 단축갈수록 치열해질 예적금 금리비교카카오페이 보험 비교분석 마이데이터 로 맞춤 제공카드 발급 과열 70만원 드립니다한화생명 업계 첫 메타버스 플랫폼 금융서비스 확대삼성생명 영상통화로 가입 보험금 청구 1분이면 끝,1.0
2022.09.16,카카오페이,현대카드 애플페이 달고 날아오를까애플 기프트카드 추진 금융생태계 조성 속도범죄예방 피해자보호 위한 공공치유센터 설립 추진슈퍼앱 허용 환영하지만 공정 실효성 문제 생길수 있어유행처럼 미국 테마주 매수 불나방된 서학개미,1.0
2022.09.17,카카오페이,장 중 기업공시 9월 16일영업 적자에도 억대 보수 챙긴 회장님들,0.0
2022.09.18,카카오페이,SK브로드밴드 OTT 포털 플레이Z 기능 서비스 확대소상공인 움직인 결제선생 누적 거래 1조원 돌파,1.0
2022.09.19,카카오페이,카카오페이손보 내달 출범 디지털 보험업계 판 바뀌나택배 배달 건강까지 은행 vs 핀테크 무한경쟁네 카보다 삼성전자 하이닉스 갈래 취업 최선호 업종 뒤집혔다삼척시 지방세외수입 우수사례 최우수상 수상,1.0
2022.09.20,카카오페이,글로벌 진출 규제 뚫겠다 이영 이종호 장관 실리콘밸리서 창업자 간담회투자 혹한기에도 e커머스 개발자 채용은 러시금융기관 62곳 꼼꼼히 비교 최저금리 대출로 갈아타세요원가공개를 빅테크 수수료 공시 싫어,0.0
2022.09.21,카카오페이,카카오페이 금융사기 착오송금 피해 예방 조치 강화예대금리차 두 번째 공시 가계 기업 모두 NH농협은행 최대교보생명 금융권 최초 모바일웹 통합 서비스 선봬플랫폼 금융 바이오 철두철미한 기획력 산업 새판 짠다카카오페이 금융취약계층 보호 노력 악성 앱 탐지 솔루션 적용중국은 어떻게 구글의 수수료 갑질에서 벗어났나주식 코인 시장 휘청에 카뱅 케뱅 수수료 수익도 떨어져,1.0
2022.09.22,카카오페이,상반기 페이 하루 이용액 역대 최대온라인 고객을 매장으로 유통업계 O4O 키운다연봉 줄어 10년차가 억 그래도 이 업계 꽃 이라는데 어쩌다 회사원주택도시보증공사 HUGLG엔솔 주가 반등하자 자사주 이익 기대감 솔솔카드 없이 스마트폰으로 착착 간편결제 하루에 7000억 터치예대금리차 공시와 달라 내 대출금리 한눈에 비교했으면황제주 없고 개미 떠나는데 1천원 소수점거래 시대 개막 스타트 간보는 증권사간편결제 하루 7000억 5년새 11배로 늘어나토스 핀크 후불결제엔 퇴짜 네이버는 OK소개팅은 점심에 넷플릭스는 하루쪼개기 MZ의 고물가 대처법,1.0
2022.09.23,카카오페이,10만원 쓰면 만원 준다 짠테크시대 치열한 페이 경쟁자동차 장기보험은 온라인플랫폼서 비교 추천 제외해야네이버파이낸셜 전 직원에 스톡옵션 지급로봇이 튀기고 앱이 주문받고 1인 사장님은 행복해요,1.0
2022.09.25,카카오페이,,1.0
2022.09.26,카카오페이,빅테크 보험비교 추천 놓고 업계 온도차카카오페이손보 출범 코앞 디지털 3사 수장 교체 맞불KB금융 대출중개플랫폼 인수 포문삼성전자 주 사볼까 첫발 뗀 주식 소수점 거래 글쎄,
2022.09.27,카카오페이,파월 경착륙 발언이 부른 패닉셀 코스피 2100도 장담 못해R의 공포 에 시가총액 71조 증발 코스피 2000 깨질 수도LG생건 만원어치만요 1주 매수때와 수수료율 비슷고가 주식도 1000원에 매수 소수점 거래 시작일단 부르자 올해도 기업인 국감증인 줄소환 예고카카오 구원투수 남궁훈의 투병 고백네이버페이와 하나 계좌 결합한 통장 출시카카오 리스크 말 못하는 증권사 위해 금투협이 대변해야52주 신저가 1361개 쏟아진 증시 당분간 반등 쉽지 않다K증시 주씩 거래 열렸는데 경기 침체 황제주 증발에 찬바람동학개미의 비명 한푼이라도 건지자 대규모 패닉셀,
2022.09.28,카카오페이,삼성 애플페이 게 섰거라 카드6개사 오픈페이로 도전장농업인 청년 자영업자 돕자 27조 지원 나서는 농협금융장 마감 후 기업공시 9월 27일교보문고 회원기간 길다고요 대출 해드릴게요삼척시 전국 첫 도입 카카오알림톡 납부 호평스마트폰이 카드 잡아먹었다 이젠 지갑 없는 사회같은 조건에 대출금리 최대 1%p차 실행 도중 한도축소 대출불가 황당또 플랫폼국감 재연되나 네 카 쿠 배 이어 유통플랫폼 도 총집합,
2022.09.29,카카오페이,간편결제 1위 도전 오프라인 힘주는 카카오전금법 개정 방향 선회 제2 머지포인트 부터 막는다의욕만 앞선 금융위원회 온 오프라인 핀테크 행사국감때 되면 집단 발병 하는 기업인들 이번에 플랫폼 기업10년만에 자산 2배 키워 자산 133조 부동산 PF 부실우려 씻는다아리수 체험 홍보관 운영 매년 품질보고서도 발간 서울시 안전한 수돗물 팔걷었다현대카드 전산관리시스템 수출 외,
2022.09.30,카카오페이,바닥 뚫은 카카오금융주 뱅크 페이 모두 신저가서울시 영세 소상공인에 풍수해보험료 전액 지원한화생명 피플라이프 2000억대 인수금융감독만 있고 정책은 안 보인다,
2022.10.01,카카오페이,삼성전자 CEO부터 노조위원장 팀장급까지 줄소환 떨고 있는 IT업계,
2022.10.03,카카오페이,지역사랑상품권 축소 방향에 서울페이에 직불결제 탑재 검토신불자될 위기 카뱅 공모가 반토막에 우리사주 비명,
2022.10.04,카카오페이,핀다 62개 대출상품 한눈에 카카오페이 12개 은행과 협력지역화폐에만 의존한 제로페이 가맹점 63%가 결제실적 0원삼성카드 반려인 취향저격 삼성 iD 펫 카드 출시쿠팡은 알바 놀이터 최상위 구매평 다섯 중 넷은 조작최정우 노태문 남궁훈 등 CEO 국감 증인에 5대 행장들 출석최정우 노태문 남궁훈 등 CEO 국감 증인에 5대 행장들 출석,
2022.10.05,카카오페이,카카오페이 자립준비청년 소상공인에 4억 기부왕년의 따상들 지금은 공모주 빅4 거품 빠지니 최대 80% 급락삼성 등 신용카드 풍차 돌리기 유행한화생명 로보어드바이저로 변액보험 펀드 맞춤형 관리10월 5일 알림교보생명 금융 비금융 아우르는 통합 모바일 앱 선보여메리츠화재 AI 음성봇 디지털 ARS 등 고객 서비스 혁신교보생명 금융 비금융 아우르는 통합 모바일 앱 선보여메리츠화재 AI 음성봇 디지털 ARS 등 고객 서비스 혁신빅테크 공습 막아라 독자 플랫폼 구축 반격 나선 금융사가맹점 60%가 제로페이 실적 제로 공공이 더 잘할거라는 착각대면영업 다 죽일셈이냐 빅테크 보험진출 반대 물결보험 중개 플랫폼 도입 설계사 강력 반발씁쓸하게 돌아온 코리아 핀테크 행사삼성화재 펫보험 시장 뜬다카뱅 48% 크래프톤 57% 공모 반토막 행진,
2022.10.06,카카오페이,73% 66% 55% 참혹한 카카오그룹 또 자회사 상장 논란머리띠 두른 보험설계사들 네이버 카카오 보험 진출 안돼핀테크 홀린 BC카드지갑이 사라지고 있다 체크카드 신용카드 간편결제빌려쓰는 블록체인 플랫폼 개발 기업의 디지털전환 디딤돌 되겠다,
2022.10.07,카카오페이,카카오그룹 줄상장 처참한 운명 카겜 자회사 IPO 개미만 울화통대출비교서비스 이자 절감 병아리 눈물,
2022.10.08,카카오페이,국민주의 굴욕 카카오그룹 대폭락카카오 4형제 대폭락의 날 6분의1 토막에 개미들 비명성장 없는 성장주 카카오 검은 금요일카카오 4총사 주가 급락 카뱅 대표는 사과문까지우량주 사라더니 화병날 지경 투자자 95%가 물렸다,
2022.10.09,카카오페이,,
2022.10.10,카카오페이,30대 그룹 시총 307조 증발 삼성전자 28% 카카오 63% 뚝온 오프라인 묶어라 O4O 봇물IT 성장주에 무슨 일이 네이버 카카오 와르르주가 폭락 네이버 카카오 시총 올해 63조 증발카뱅 주가 급락에 해외 기관도 곤혹 시그널,
2022.10.11,카카오페이,성장주 네이버 카카오 2022년 시총 63조 증발성장주 네이버 카카오 추락 올해 시가총액 63조 증발카카오 줄인다던 계열사 134개로 더 늘어 조직 사업 대수술 불가피8억 넣었는데 반토막 신불자 위기 카뱅 직원 비명카카오페이손보 첫 상품은 보이스피싱 피해 보장 보험네이버 카카오 시총 올들어 63조 증발올들어 상장사 시가총액 633조 증발네이버 카카오 시총 올들어 63조 증발올들어 상장사 시가총액 633조 증발찬바람 부는 증시 상장사 16% 역대 최저가올해 상장주식 시총 633조원 증발 삼성전자만 152조우리은행 무주택 청년 전용 청년약속 통장 출시,
2022.10.12,카카오페이,카카오페이 토스 보이스피싱 천국 5년간 피해액만 293배 폭증빅테크에 대적할 카드사 오픈페이 나온다 반쪽 동맹 우려도카카오 연일 하락세 목표가 일제히 뚝무너진 카카오공화국 시총 100조 시대 1년 만에 66% 날렸다주식 코인에 쓴맛 본 MZ세대 이제 티끌 모아 짠테크 하자달러환산 코스피 올 39% 급락 대형주 무너지고 환율까지 덮쳐무너진 카카오공화국 시총 100조 시대 1년 만에 66% 날렸다달러환산 코스피 올 39% 급락 대형주 무너지고 환율까지 덮쳐주식 코인에 쓴맛 본 MZ세대 이제 티끌 모아 짠테크 하자카카오페이손보 인가 6개월 만에 본격 영업또 쪼개 카카오게임즈 주주들 열받았다빅테크 계열사 1조대 내부거래 네이버 카카오 1000억 넘어,
2022.10.13,카카오페이,핀테크 앱으로 최저금리 쇼핑 하려면CEO 교체가 혁신인가요15회 스마트금융 콘퍼런스 11월 10일 개최오늘의 증시 일정 10월 13일업권 경계 사라진 빅블러 시대 빅테크 금융사 경쟁보다 협력을오늘의 증시 메모 10월 13일카카오뱅크 인터넷은행 첫 직접 펀드 판매 뛰어든다금융당국 네이버 카카오 내부거래 정조준 리스크 점검 착수국민주 네카오 폭락 때마다 공매도 폭탄 개미만 분통금융당국 네이버 등 빅테크 리스크 점검 착수 내부거래 정조준5060 엄지 뱅킹족 늘었다 목돈 쥔 80% 은행 안가요,
2022.10.14,카카오페이,수억 날리고 신불자 될 판 직원 패닉에 카카오페이 결국 145억 지원네이버 카카오페이 충전금 보호 강화삼 네 카 불타버린 증권지옥 살아남은 종목은 이 테마 통했다대출비교 플랫폼 5대 취급비중 1%도 안돼장 열리는게 무섭다 연저점 쓴 코스닥 네카오는 신저가카카오 끝 모를 추락 주주 달래기 안 통하고 쪼개기 상장 논란자회사 상장 철회 효과 카카오그룹주 일제히 급등빚내 대박 노린 월급쟁이들 2%P 이자만 떠안았다 헤럴드 뷰미국판 당근마켓 인수가 악재된 네이버 개미들은 계속 담았다미국발 물가 쇼크에 증시 또 휘청 코스닥 % 급락비싼 옷 한 벌보다 유행 맞는 옷 여러벌이 낫다,
2022.10.16,카카오페이,곡소리 났던 카카오 4형제 4 9% 날았다증시한파 뚫고 70% 뛰었다 키워드는 거꾸로 에너지자회사 상장철회 카겜 9% 급등축의금 송금 못해 업비트 로그인 막혀 카카오 금융도 먹통대폭락 카카오 사총사 17일 장 예측 분분 추가 하락 vs 반등 계기아는 연락처는 카톡뿐 카카오 과의존 드러낸 디지털 정전카톡 인증 막히자 금융 서비스 마비 소비자 피해 눈덩이플랫폼 기업 IDC 이용 상황 대응 점검카카오 먹통 에 라인 우티 단숨에 상위권 무료 앱 순위 지각변동온라인 플랫폼 자율규제 제동 걸리나카카오택시 안 잡혀 출장 기차 놓쳤다면 보상받을 수 있을까SK C C 카카오 네이버 경영진 대거 국감 증인 출석카카오 먹통 에 일상 마비 여야 김범수 의장 국감 증인 세운다전기실서 화재 무중단 서비스 재해복구 체계 작동 안했다급락장 속 공매도폭탄 째깍째깍 삼전 네카오 국민 도 직격탄,
2022.10.17,카카오페이,카카오페이 뱅크도 한때 마비 자산 문제 없어 피해 확인중불난 카카오 데이터센터 주주들은 천불 이 난다5000만 이용 카카오의 셧다운 초연결사회가 초먹통사회 됐다화재로 멈춘 카카오 주말 일상도 올스톱 카카오 블랙아웃 사태택시호출 결제 골프부킹까지 올스톱 카카오 거미줄 에 발묶인 국민개미 몰빵한 카카오 검은 월요일 맞을까카카오톡 대란 원인은 가두리 전략 이 부메랑으로문어발 확장 열올린 카카오 데이터 분산백업 기본도 안지켜카카오 먹통에 유통업계 불똥 주문 배송 차질카카오톡 대란 원인은 가두리 전략 이 부메랑으로문어발 확장 열올린 카카오 데이터 분산백업 기본도 안지켜국민주 옛말 개미 무덤된 카카오 인방백업조차 안한 카카오에 플랫폼 경제 마비카카오에 올스톱 주저앉은 디지털 한국카카오 먹통 국민 일상이 멈췄다플랫폼 독점 폐해 확인한 카카오 먹통 재발 방지책 세워야덩치만 키운 카카오 둔한 관리 능력 드러나 불편 넘어 불신카카오톡 먹통 되자 일상이 멈췄다카카오 플랫폼 제국의 민낯 연쇄 먹통 에 이례적 변명만카카오에 멈춘 한국 디지털 강국의 허상카카오톡 최장 먹통 주말 일상 대혼란긴박했던 24시간 카카오 먹통 에 주저앉은 디지털 한국겨우 반등 카카오 신뢰 붕괴 개미들 검은 월요일 조마조마하필 장사 제일 잘 되는 주말에 하루 매출 모두 날렸다 카카오 먹통 대란카톡 알람소리가 멎었다 디지털 정전 에 부글부글서버 3만2000대 몰아넣고 보험 안든 꼴전산 따로 쓰더라도 불안 카뱅 소비자들 은행 갈아탄다 카카오 블랙아웃 사태카카오 먹통 에 멈춰선 플랫폼 경제카카오 먹통에 통신사처럼 법적 책임 져야 목소리 커져통신서비스 안정성 확보 제도 개선 시급 카카오 먹통 대란사회 마비 위기 부른 카카오 사태 재발 막아야국민 메신저 카카오의 후진적 재난대응 IT강국 허상이었나한 방에 멈춘 플랫폼 사회고금리 시대 이자절약 꿀팁 대출비교 플랫폼 경쟁 뜨겁다검은 월요일 오나 반토막 주가에 먹통 사고 개미들 공포송금 결제 코인거래까지 디지털 정전 에 대한민국 일상 올스톱송금 택시 콜 불통 에 킥보드 요금 덤터기 까지 시민 분통택시호출도 송금도 막혔다 독점기업 초연결 시스템 폐해반토막인데 개미들 검은 월요일 되나 분통발도 돈도 묶였다 택시 못부르고 반납 못한 킥보드 요금 50만원내게 딱 맞는 보장 금액 셀프 설계 DIY 보험이 뜬다택시는 멈추고 가게도 매출 하락 더딘 복구에 부실 대응도 도마 위국민 메신저 카톡 먹통에 교통 금융 서비스 사교 등 일상이 멈췄다한 바구니 담은 데이터 재난 취약 분산 관리 유비무환 실종카톡 로그인 막혀 가상화폐 거래도 불똥외면받는 체크카드 매년 100만장 사라진다토스 후불결제 네이버 넘어섰다 연체 관리는 숙제초유의 카톡 장시간 먹통 사태 이러고 IT 강국이라 하겠나카카오그룹 현실화 된 검은 월요일흔들리는 카카오 제국카카오 카카오뱅크 카카오페이 52주 신저가카카오의 플랫폼 독점 피해는 국민이 떠 안았다주식 개장이 무섭다 또 악재 카카오 개미들 한숨단일 플랫폼 집중 카카오 개인의 문제 시험대 오른 플랫폼 경제주문 결제 소통 불가 카카오 대탈출 아날로그 시대 떠올랐다204만 카카오 개미들 오늘 증시가 두렵다도민 일상 뿌리 깊은 카카오톡 이틀 마비에 생계까지 휘청택시 호출 못하고 커피 쿠폰 못쓰고 카카오 20개 서비스 막혀카카오를 너무 믿은 죄 카톡 선물하기 매출 80% 증발카카오 비대위 구성 내주 피해신고 접수국민 앱 먹통에 대한민국도 마비 피해 보상 어떻게 카카오 먹통 대란카카오 먹통 일상이 마비카카오 디지털 대피 먹통대란에 다른 서비스로 갈아타카카오 먹통은 국가재난 그냥 넘길 일 아니다카카오 멜론 등 사용권 연장 유료서비스 보상 카톡 페이 등 무료서비스 피해 보상은 진통 예고일상이 멈췄다 카카오 불통에 지역서도 피해 속출불 한 번에 멈춘 카카오 연결 사회10년간 제자리걸음 한 카카오카카오 셧다운의 교훈 독점의 그림자카카오 후폭풍 주가 한때 9% 가까이 추락불통 대란 빚은 카카오 대응 시스템 이토록 부실했다니과기정통부 방송통신재난본부 대책회의 범부처 대응강화 제도개선 방안 도출일상 마비시킨 카카오 먹통 책임 엄중히 물어야복구 완료 기약 없는 카카오 먹통 패닉 피해 커지는 일상주가 올해 반토막에 먹통까지 속타는 카카오 개미사고 대비 없는 플랫폼은 재앙 경고한 카카오 먹통카톡연락 안되고 코인거래 멈추고 택시호출 먹통 시민들 멘붕톡 툭 일상이 끊겼다탈톡 속 라인 갈아타 사용자 3배 폭증담보 넣고 대출 확대해도 우리사주 버티면 달라지나요불 한 번에 주문 배달 결제 마비 생계 타격 자영업자 분통규제 사각지대 금융 플랫폼 구색만 갖춘 내부통제장치 구멍 뚫린 빅테크 규제20시간 로그인 막혀 코인 손해봤다 업비트 이용자들도 분통플랫폼 재난 대비 없었다 데이터센터 분산 백업체계 허술금감원 금융 비상대응 전방위 점검금감원 금융 비상대응 전방위 점검주말 덮친 카톡 먹통 국민 일상도 멈췄다플랫폼 IT서비스 주가 재평가 이뤄질 수도펫팸족 잡아라 특별 혜택 담은 반려동물 카드 러시철저한 데이터 관리 일깨운 카톡 먹통 사태카톡 먹통 사태 통신 인프라 재점검 보완 계기 삼아야최악 플랫폼 중단 보상 철저해야,
2022.10.18,카카오페이,여야 먹통 사태 에 최태원 김범수 이해진 국감 증인 채택 카카오 대란 후폭풍카카오그룹 하루 새 시총 2조 날아갔다신뢰도 주가도 와장창 카카오4형제 검은 월요일카카오 검은 월요일 시총 2조원 증발카카오 4형제 바닥 뚫었다 올해 시총 30조 증발카카오 그룹주 시총 하루 새 2조 증발김범수 이해진 최태원 증인으로 카카오 먹통 불똥 튄 오너들카카오그룹 급락 시총 2조 증발하루 새 시총 2조 원 넘게 증발 카카오 그룹주 검은 월요일김범수 이해진 최태원 증인으로 카카오 먹통 불똥 튄 오너들국민메신저 에 뒤통수 맞은 이용자들 카카오와 헤어질 결심먹통 참사 카카오 4형제 시총 하루새 2조원 증발스벅 홈플러스 마켓컬리 직방 카카오 연동 서비스 연일 먹통배터리 한개서 시작된 불길 카카오 대란 불러카카오 먹통 48시간 지났는데 100% 복구시점 확답못해문어발 확장의 업보 카카오 계열사만 187개 김범수도 모르겠네SK C C와 배상 논의 책임회피성 공시 띄운 카카오공룡 플랫폼 향한 전방위 칼날 자율규제 물건너가나 카카오 블랙아웃 후폭풍먹통 대란 후폭풍 카카오 규제 정조준카카오가 소환한 디지털 포비아 인생 통째로 사라진 기분김범수 이해진 최태원 카카오 먹통 국감 증인으로카카오 사태 플랫폼 독점 폐해 본격 논의 이어져야카카오 대란 피해 보상 카페 개설 봇물 집단 소송 움직임도 종합해외 백업센터 고려해야 정부도 플랫폼 기업 무임승차 안돼카카오와 헤어질 결심 먹통 사태에 흔들리는 국민플랫폼카카오 비즈니스 여전히 먹통 자영업자 매출 포기 우왕좌왕독점 따른 시장왜곡 국가 대응 필요카겜 손배소 제기 변호사 카톡 장애 피해 소송단 모집 나서장 중 기업공시 10월 17일김범수 최태원 이해진 오너들 국감 줄소환사흘 지났는데도 복구 중 톡채널 쇼핑몰 등 피해 계속억 먹튀 명품 쇼핑몰 사크라스트라다 폐쇄카톡 사태 로 본 국가전략기술머스크의 우크라 인터넷 청구서독점 플랫폼기업 사회적 책임 강화 장치 시급하다카톡 먹통 방지법 마련 디지털 재난 대비를카카오 4총사 주가 평균 % 떨어지고 시총 2조 날아가카카오 다음 메일 언제 복구되나 업무 며칠째 제대로 못 봐카카오 vs SK 먹톡 사태 에 발목잡힌 실적 보험사로 불똥카카오 SK C C 전력차단 시점 손해배상 전초전카카오 혁신의 민낯독점 이 피해 키웠다 카카오 전방위 조사카카오 13개 서비스중 페이 등 4개만 정상화카카오 13개 서비스중 페이 등 4개만 정상화쪼개기 상장하면서 서버 쪼개기 안 했냐 싸늘한 카카오 민심 라이온하트 IPO 철회 아닌 연기카카오 네이버 독과점 안보리스크 손본다카카오발 무차별 독과점 규제 혁신성장 저해카카오 시가총액 하루새 2조 넘게 날아가카카오사태 공정위서 검토중 온라인 플랫폼 규제 논의 속도낼 듯윤 대통령 카카오 사태에 독과점 왜곡 땐 국가가 대응카카오 독점 견제 자율규제만으론 어림없다카카오 네이버 먹통장애 2년간 11건 구글 유튜브 4건보다 3배 많았다카카오 리스크 틈새 파고든 은행 공동인증서 주가 재평가 자신감 수술대 오른 카카오 독점 논란서비스 정상화되고 있지만 이미 마음 떠난 이용자들절름발이 코스피 강달러 쥔 외인이 당겼다 IT주는 숙제최태원 김범수 이해진 24일 국감 증인대 선다여야 신경전 속 김범수 이해진 최태원 국감 증인채택 합의,
2022.10.19,카카오페이,잇단 쪼개기 상장 에 주가 급락 카카오에 분통 터지는 개미들카카오 SK C C 서버 전력 공급 차단 놓고 책임 공방카카오 계열사 정리 혁신사업만 집중 대대적 거버넌스 쇄신 나설 듯카카오 SK C C 서버 전력 공급 차단 놓고 책임 공방카카오 계열사 정리 혁신사업만 집중 대대적 거버넌스 쇄신 나설 듯김주현 저성장 해법 민간에 조타수 내줘야 독과점 빅테크엔 감독 강화 서경 금융전략포럼하늘길 여행객 잡아라 저비용항공사 할인경쟁전원 공급 95% 복구했지만 메일 톡서랍 여전히 오류성장성 세계 1등 인터넷 은행 창립 5년 케이뱅크 파란을 일으키다남궁훈 카카오 대표 전격 사퇴 카카오 먹통 사태 책임경영 손뗀 카카오 김범수 재등판하나금융당국 카카오 의무보험만 가입 카카오 사태 파장카카오 점유율 98% 카톡 앞세워 사업 확장 독점 폐해 낳아김주현 이복현 카카오 금융 현안 긴급 점검기본 외면한 카카오의 혁신SK C C 김앤장 선임 카카오 법적 분쟁 예고금감원 카카오 금융계열사 비상계획 들여다본다금감원 카카오 금융계열사 비상계획 들여다본다서풍에 돛단 코스피 2250선 돌파할까빅테크 기업 한자리에 스마트금융콘퍼런스 내달 10일 개최다음 메일 톡서랍 톡채널 나흘째 먹통코스피 16거래일 만에 장중 2250선 회복,
2022.10.20,카카오페이,구원투수마저 퇴장 1년새 CEO 4번 바뀐 카카오카카오 CEO 올해만 4번째 교체 내부문제 산적 방증1년새 CEO만 4명 바뀐 카카오 CEO 잔혹사 언제 끝날까꼼짝 않던 다음 메일함 나흘 만에 열렸다 카카오 데이터 유실 없었다이랜드 업비트에 개인까지 카카오 손절고개 숙인 카카오 무료 이용자도 보상 피해 접수 뉴스 투데이무료서비스도 보상검토 사고 철저히 규명 고개숙인 카카오고개 숙인 카카오 기존 틀 넘는 전향적 보상책 마련해야글로벌 덩치 못 키우고 골목상권 들쑤신 우물안 공룡 카카오무료서비스도 보상검토 사고 철저히 규명 고개숙인 카카오고개 숙인 카카오 기존 틀 넘는 전향적 보상책 마련해야고개 숙인 카카오 기존 틀 넘는 전향적 보상책 마련해야장애 5일째야 100% 복구 등 돌린 이용자들금융당국 수장들 금융 현안 긴급 점검 지시코로나 갑부 팬데믹만큼 빨리 뜨고 엔데믹보다 빨리 떨어졌다전세보증보험도 플랫폼 의존 15%가 카카오 네이버로 가입네이버엔 있고 카카오엔 없는 것구원 투수 로 보낸 남궁훈도 낙마한 카카오 경영 손 뗀 김범수 복귀할까데이터 이중화 제대로 못해 피해 보상 최대한 빨리 하겠다통화 혐오삼성카드 반려인 취향 맞춘 삼성 iD PET 카드,
2022.10.21,카카오페이,카카오 가입보험 보장한도 딱 3억 피해보상 어쩌지카카오 다시 추락 최근 상승분 반납카카오처럼 먹통 될라 해외주식 거래 경고등SK 화재신고 직후 상황 알려 vs 카카오 화재 탓 장애 통보 못받아카카오를 보며 떠올린 개발자의 한마디카카오 후폭풍 카뱅도 하루 이용자 63만명 감소또다시 먹통카카오 올해만 4번째 경영진 교체 김범수 전면 나서야 목소리사실상 5000만 국민이 대상인데 카카오 무료 이용자도 보상받나네 카 토 선불충전금 1년새 800억 급증 소비자 보호는동물병원 쇼핑 펫보험 할인하는 펫카드외국인 반짝 랠리 끝났나 13일만에 순매수 행진 끝,
2022.10.22,카카오페이,해외주식 소수점 거래 % 저조 서학개미 외면주식 코인에 날리더니 요즘 푹빠진 재테크 뭐길래 S머니라인 텔레그램도 쓰자 카톡과 함께 이용 멀티호밍 바람해킹 재해 인재 등 최악 상황 대응책 마련 신뢰받는 사이버공간 만들어야,
2022.10.23,카카오페이,카카오 계열사별 보상 행렬 추가 접수 중유통업계 카카오 불신 시스템 내재화 속도,
2022.10.24,카카오페이,카카오T 대항마 대구로 택시앱 내달 시범운영 12월 정식 서비스카카오뱅크 화재에 취약 석달전 이미 경고있었는데현대미포조선 MSCI 편입 유력 선취매 지금이 기회제일 잘하는 일 하자 개인 자산관리 공략 제2 전성기 노린다 톡톡 경영인카카오페이 미래 소비패턴 예측해 카드추천 서비스카카오 유료 사용자 피해보상 시작되면 4분기 실적 악화 불보듯 마이머니전례 없는데 무료 서비스 보상 요구 압박에 고민 깊어진 카카오카카오 사태 피해 운수 외식업 집중 소공연 피해 사례 1254건 접수격해지는 먹통 책임 공방 카카오 SK 혈맹 흔들리나이달 들어 외국인 2조원 사자 바구니에 뭐 담았을까주먹구구식 정부 포상의 그늘,
2022.10.25,카카오페이,김범수 무료 이용자 일괄 보상도 검토실적 쇼크 공포에도 목표가 뛴 기업은정무위 레고랜드 사태 금융당국 늑장 대처자연어처리 시장 급성장 튜닙 등 국내 스타트업이 혁신 주도정무위 레고랜드 사태 금융당국 늑장 대처우리은행 오전 한때 접속장애 은행들 전산 왜 이러나최태원 화재 피해보상 김범수 서버 이중화 부족 카톡 먹통 사과내 사치의 조건보험 비교 추천서비스 빅테크 보험사 공방에 중소사 뒷전,
2022.10.26,카카오페이,전자금융사고 최저보상액 16년째 2억 카카오 네이버 내년 손본다캐시백 혜택 최대 21만원 카드 공략하는 짠테크족카카오 임원 스톡옵션 이익 실현 500대 기업 중 최대카카오 먹통 127시간 30분 공식확정카카오T에 맞설 대구형 택시앱보험금 70억 1차 보상에만 400억원 카카오 SK 동맹까지 흔드나카카오 피해보상 법적 잣대로만 보지말라NH농협생명 종합건강 플랫폼 디지털 혁신 소비자 직접 계약 제27회 헤럴드보험대상 디지털서비스대상 생명보험협회장상우린 기업총수 정치인을 선택 못한다삼성생명 가입 계약유지 보험금 청구 모든단계 디지털화 제27회 헤럴드보험대상 디지털서비스대상 생명보험협회장상,
2022.10.27,카카오페이,카카오페이 4개월만에 또 검사받는다 금감원 내달 착수카카오 더 이상 더부살이 마오 넓게 퍼진 만큼 더 멀리 보라 미국주식사관학교의 해외투자 야전교범니가 왜 거기서 나와 하락률 눈에 띄는 카카오페이 SKIET현실화하는 빅블러 리스크강아지 간식 살 때 30% 할인받자메신저 이중화 시대 기자들의 사용기 텔레그램 비밀 많아 보여 라인은,
2022.10.28,카카오페이,카카오뱅크 자영업자 업력 따지지 않고 1억까지 대출카카오페이손보 금융안심보험 첫 출격 이유 있었네,
2022.10.30,카카오페이,,
2022.10.31,카카오페이,키오스크를 위해 복무하라 백승주의 언어의 서식지금산분리규제 완화 지금이 적기다보안 편리 강화 업비트 자체 로그인 시스템 도입,
2022.11.01,카카오페이,금감원 카카오페이 현장검사 착수장 마감 후 기업공시 10월 31일보안성 강화하는 업비트 자체 로그인 시스템 쓴다개미들 카카오 4총사 중 게임즈만 팔았다카카오 신사옥에 커피 만들고 서빙까지 하는 로봇카페 문 연다카카오의 숙제는 신뢰의 흑자국내도 조용한 사직 바람 무책임하다 vs 현명한 태도핀테크 시대가 온다,
2022.11.02,카카오페이,인건비에 발목잡힌 카카오페이 3분기 매출 성장에도 영업적자 커져먹통 사태 실적 악화 이중고 카카오 위기 돌파구는경기 침체 전망에 한 달새 목표주가 5% 이상 오른 기업 6곳뿐카카오페이 보호예수 해제 카운트다운 잠 못 드는 투자자들카뱅 3분기 어닝 서프라이즈 대출중개 입점 금융계열 시너지무분별한 독과점 규제는 혁신의 무덤이다인뱅 3사에 네이버까지 개인사업자대출 격전장 예고,
2022.11.03,카카오페이,진짜 신불자 되나 1년 버틴 카카오페이 직원 울분게임즈 만 빼고 카카오 형제 반등 시동못난이의 반격 카카오뱅크 17% 급등 공매도세력 앗 뜨거카뱅 3Q 깜짝 실적 카카오 형제들 오랜만에 활짝플랫폼 멈추면 사회가 일시정지 이용자가 위험 떠안아SW 반도체주 풀썩 2차전지 바이오주 폴짝카카오 3Q 매출 역대 최대 인데 영업익은 역성장 종합카카오 영업이익 뒷걸음 먹통 사태로 하반기 실적 암울전금법 개정안 빅테크는 가맹점과 직접 계약해라,
2022.11.04,카카오페이,카카오 형제들 주가 또 털썩보호예수 풀린 카카오 폭락카카오 먹통과 독과점3분기엔 충격 4분기엔 암울 카카오 영업이익 두 자릿수 감소카카오 수익성 빨간불 피해보상 주주가치 제고에 집중먹통 보상 남았는데 카카오 영업이익 뚝중국서도 카카오페이 결제 OK고평가 논란 엎친 데 먹통사태 덮쳐 대표 성장주 네이버 카카오 볕들 날 올까시총 10조 클럽 39곳서 14개 기업 탈락했다,
2022.11.05,카카오페이,신용점수 1점이라도 더 꼬박꼬박 낸 통신비 내역까지 챙긴다 S머니다크 넛지 는 상술이 아니라 갈취다,
2022.11.06,카카오페이,,
2022.11.07,카카오페이,하나투어 하나만 믿고 캠페인카카오 데이터센터 화재로 알아보는 데이터센터의 모든 것네이버파이낸셜 연내 개인신용대출비교 서비스 출시재미한인 겨냥 플랫폼 부상 생활 서비스 편의 향상,
2022.11.08,카카오페이,경기 한파 버티기 네이버도 힘겨웠다11월 8일 알림MSCI 종목 변경 주의하세요급물살 탄 비대면 대환대출 인프라 구축 금융업계 난색국민은행 창립 21주년 기념식 개최,
2022.11.09,카카오페이,개미 속 태우던 카카오페이 반등플랫폼 금융 지고 제조업이 증시 주도반려동물 병원 쇼핑몰 최대 30% 저렴하게카카오 먹통 피해 외식업이 가장 컸다바닥친 카카오그룹 의 강세 더 사도 되는 건가요택시 배달 등 소상공인 업장 2117곳 카카오 먹통 피해카카오 이승엽을 배워라 뉴스룸에서카톡 사태에 화들짝 정부 데이터센터 입지 분산 유도핀테크 앱에서 은행 예 적금 비교 가입한다케뱅 MY 체크카드 최대 15만원 캐시백오늘의 증시 메모 11월 10일,
2022.11.10,카카오페이,외국인 기관 나흘째 쌍끌이 코스피 두달만에 2400 돌파유출규모 역대급 MSCI 편출 종목 주의보태조이방원 VS 네카오 미스터리 V자 반등장 승자는대폭락장 온다 비관론 비웃는 증시 기묘한 강세장 왜태조이방원 VS 네카오 미스터리 V자 반등장 승자는대폭락장 온다 비관론 비웃는 증시 기묘한 강세장 왜오늘의 일정금융결제원장상 페이민트 결제선생밥값 5만원도 부담 커요 3개월 소액 할부족 급증,
2022.11.11,카카오페이,카카오페이손보 자립준비청년 위해 안심보험 마련카카오페이 인공지능 금융 MLOps 주목해야카카오 삼총사 반등했지만 매출성장 지켜봐야 경계 눈초리케이뱅크 디지털 금융 플랫폼 오픈 에코시스템 주목해야연구원 세일합니다 증권가 한파에 술렁이는 여의도SSG랜더스 우승기념 감사이벤트 진행금융사 혁신사업은 2년마다 허가 빅테크는 제약없이 확장한때 참신했는데 이젠 그 나물에 그 밥,
2022.11.12,카카오페이,외국인 기관 조 쌍끌이 매수 카카오 4형제 두자릿수 날았다환호한 코스피 바닥 찍었다 vs 실적 뇌관 여전하루만에 우려가 환호로 기술 먼저 뛰었다환율 59원 급락 코스피 3% 급등 물가 잡혔나 기대감 폭발미 인플레 둔화 신호에 코스피 원화 가치 급등,
2022.11.13,카카오페이,,
2022.11.14,카카오페이,컬리 컬리페이 출시 초읽기 e커머스 자체결제 확대한다블랙록 카카오 % 팔았는데한 앱에서 대출 갈아타기 가능해진다 금산분리 개선안 내년 도출 종합정용진 잇츠 세일 랜딩타임 이마트 4분기 온오프 통합 힘싣는다,
2022.11.15,카카오페이,내 계좌가 혹시 대포통장 카카오페이가 알려드려요날뛰는 카카오 브러더스 헷갈리는 시장한투운용 반도체 가치주 투자 ETF 2종 상장,
2022.11.16,카카오페이,카카오페이 서울 소상공인 대상 무료 풍수해보험무료 서비스 보상 맞아 카카오 사태가 던진 화두급등에도 불안한 카뱅 카페우승 턱 쏘는 용진이형 팬 감사제 쓱세일 개최 쇼핑카트다가오는 연말 대형주의 시간 온다혁신과 규제 사이에 갇힌 플랫폼 독점 문제유통가 50만 수험생 겨냥 수능 마케팅,
2022.11.17,카카오페이,대출비교 플랫폼 대환대출 시스템과 시너지 낼까차명훈 코인원 대표 카카오뱅크 2000만 고객 유입 코인원 의 시작신세계 정용진 우승 턱 크게 쏜다주식 말고 특판 공부하자 불타는 예 적금 티켓팅,
2022.11.18,카카오페이,동물병원 펫쇼핑몰서 큰폭 할인혜택뱅크샐러드 유전자 검사 대중화에 도전앞서 간 KB 약진하는 우리 은행앱 MAU 경쟁 앗 뜨거하락장에서도 목표가 넘었다 증권가 목표가 빗나간 종목들 살펴보니대어들 잇단 상장연기 올해 공모주 시장 문닫는다,
2022.11.20,카카오페이,이번엔 케이뱅크 먹통 인터넷금융 신뢰 잃나킹달러로 큰손 된 관광객 모시자 열띤 구애,
2022.11.21,카카오페이,국민주 카카오 떠나는 동학개미한숨 돌린 카카오페이 잭팟 두근두근 LG엔솔 우리사주금융권 디지털온리 알파세대 맞춤형 플랫폼 구축 잰걸음 마이머니,
2022.11.22,카카오페이,배민서 네이버페이 카카오페이 못쓸 판 전금법 개정안 우려카카오페이 과거 결제 데이터 기반으로 카드 추천2 디지털 페이 시대 돈과 맺는 관계 변화제2의 머지포인트 막는다 선불충전금 손질 추진행정에도 블록체인 기술 도입해야네이버 카카오 오픈 채팅 월드컵 특수 노린다,
2022.11.23,카카오페이,외국인 태세 전환에 다시 불붙은 공매도관심 밖이던 개인사업자 대출 제2금융 인뱅 격전지로 떠올라네이버 카카오 페이 등 선불충전금 신탁이나 예치 지급보증해야카카오 먹통방지책 내달 7일 공개키로카카오 내달 데이터센터 화재 재발방지책주주환원 찢었다 미국엔 애플 한국엔 메리츠,
2022.11.24,카카오페이,카카오 내달 먹통 사태 재발방지대책 발표AI가 찍은 TSMC 수익률 7%우대금리 경품 은행들 월드컵 이벤트 킥오프분석대상이 고객 매도 말했다간 거래 끊기고 중립 도 눈치 보여메리츠의 통합 메리트 조정호 주식부자 6위로접속장애 겪은 케이뱅크 이용자수 9만명 감소동해시 희망2023 나눔캠페인 성금 모금메타버스서 펼쳐질 가상경제 시대,
2022.11.25,카카오페이,해외호텔 예약할 땐 숨어있는 요금 조심해야,
2022.11.26,카카오페이,카카오그룹 특별세무조사 착수에 미끌스마트폰 간편결제 하루 7232억 지갑없는 시대 더 빨라질듯,
2022.11.27,카카오페이,동전 환전 아세요 30% 싸게 바꿔줘요 해외여행 환전 꿀팁 내돈내산한국저작권위원회 저작권 비즈니스 원스톱 지원 강화태백시 희망 2023 나눔 캠페인 성금 모금 추진광화문 대신 한국 대표팀 경기 날 수백만 몰린 응원 공간,
2022.11.28,카카오페이,데이터센터 화재 불똥 규제완화 신청 못한 카카오페이카카오뱅크 미운 카카오그룹주 가운데 백조 되려나황도연 당근마켓 신임 대표 고객 경험 최우선으로 건강한 비즈니스 모델 만들 것,
2022.11.29,카카오페이,카카오페이 계좌지킴이 선착순 10만명 무료보험독과점부터 먹통 사태까지 현금 없는 사회 과연 유토피아일까 차현진의 한 이야기,
2022.11.30,카카오페이,기대 못미친 혁신 카카오페이손보 개점휴업금융 횡령 전산장애 터지면 지주 회장까지 책임 묻는다네이버 카카오 내년 2월부터 간편결제수수료 공시한다네이버 카카오 내년 2월부터 간편결제 수수료율 공시한다애플페이 상륙준비 착착 카드사 오픈페이는 난항,
2022.12.01,카카오페이,네이버 카카오 토스 쿠팡페이 내년부터 깜깜이 수수료 연 2회 공시한다긁지 않은 복권 으로 알았는데 장외주식 추락에 개미들 쪽박와인 마시기 좋은 연말 후끈 달아오른 편의점 와인대전금융사고 터지면 지주 회장까지 제재 과도한 관치 아닌가중단된 가상자산 시세조회 카카오페이 내달 출시공룡 네이버도 본격 참전 대출비교 플랫폼 경쟁세븐일레븐 역대급 와인 성지 기획전,
2022.12.02,카카오페이,금리 걱정 덜었다 성장 바이오 기지개금융사 핀테크 마이데이터 쩐의전쟁파월 속도조절 언급에 네카 꿈틀 성장 기지개 켜나파월 입에 웃은 네카오 중장기 유리 저가매수 기회파월 속도 조절 직접 언급에 증시 산타랠리 기대감,
2022.12.03,카카오페이,카카오페이 로카모빌리티 인수 추진로카모빌리티 인수전 카페 쏘카 뛰어들듯삼성전자 만원어치 주세요 투자자도 증권사도 시큰둥,
2022.12.04,카카오페이,,
2022.12.05,카카오페이,금감원 카카오금융사 재난 비상대응 미흡 포착12월5일 알림카카오페이손보 자립준비청년에 금융안심보험 지원 확대애플페이 도입 늦어지자 관련주 요동돌아온 와인의 계절 편의점 연말 특수 총력전,
2022.12.06,카카오페이,카카오페이 로카모빌리티 인수설에 급등페이코 위장 피싱앱에 통장비번도 털린다NHN 간편결제 앱 페이코 서명키 유출토스 금리 비교 자동차 대출 영역으로 확대CU 밀크플레이션 부담 덜어드릴게요부여군 농특산물 온라인쇼핑몰 굿뜨래몰 오픈아듀 카드앱 이젠 Pay 앱이 대세모바일 전자고지,
2022.12.07,카카오페이,카카오페이 첫 목표주가 상향 4만 만원으로취약차주 대출 중도상환수수료 한시 면제 추진변동 고정금리 특례보금자리론 내년 한시운영오늘의 증시 메모 12월 8일핀다 AI부동산 업체에 투자 빌라 상가도 대출 담보로,
2022.12.08,카카오페이,애플페이 상륙 임박 고민 커지는 카드업계짠테크 고수는 소문난 카드 긁는다오늘의 일정카카오페이 금융정보보호 전문가 김희재 CISO 영입카카오페이 정보보호 최고책임자에 김희재성장성 난감한 카카오페이 안팎서 우려 가중보험사 달라진 금융당국 출신 활용법고객 찾아가 금융상품 판다 KB증권 방문판매 전면 시행,
2022.12.11,카카오페이,이게 얼마만 카뱅 쏘카 매수 리포트 떴다KB증권 PB가 집으로 찾아온다 방문판매 실시,
2022.12.12,카카오페이,핀다 토스 네파 유사한 대출비교 API 스타트업들은 어쩌나네이버 카카오 페이코 간편 결제 수수료 공시한다월드컵이 정치와 유사하다고지역간 이동제한 완전 철폐 13일부터 행정코드 종료카타르 월드컵으로 고객맞이 나선 IT 업계,
2022.12.13,카카오페이,새내기 수난시대 하반기 상장 71%가 공모가 이하LX인터 47% 올라 상승률 1위 BGF리테일도 날았다 올 증시 종목별 성적표 보니휴대전화로 내용증명 보낸다 카카오페이 모바일 서비스카카오페이 법적효력 있는 모바일 내용증명 서비스 개시온라인 간편결제 수수료 내년부터 공시G마켓 크리스마스 용품 최대 70% 할인,
2022.12.14,카카오페이,믿을 건 핵심사업 카카오 카톡 으로 위기 넘는다내용증명 우편 대신 카톡으로 발송 가능물량 폭탄 공포에 멀어지는 산타 랠리차명훈 코인원 대표 핀테크 결합 블록체인 영토 확장 NFT 조각투자 월렛도 선뵐 것힘 받는 성장주 네카오 줍줍 개미 따뜻한 연말 보내나,
2022.12.15,카카오페이,결제 많은 당신 네이버플러스가 딱 관리 통신비는 토스 캐시백이 유리 할인 원한다면 카카오페이가 답카카오페이로 거래소 가상자산 한눈에 본다따릉이 이용권 깡 방지 시스템 카드 간편결제땐 현금 환불 금지2153% 급등 에 결국 물렸다 개미 피눈물 흘린 이 종목,
2022.12.16,카카오페이,카카오페이 앱에서 부동산 가상자산 정보도 확인매파 파월 불똥 튄 증시 카카오형제 페이 뱅크 9%대 급락매파 연준에 성장 카카오 3형제 울상이사회 소집 3일 단축 문제삼은 공정위 과도한 고발 네이버 3일 SKT 2일인데연말 가파른 대출 절벽 2금융 플랫폼 대출 무더기 중단추가 하락 vs 저점 매수 SK하이닉스 주가에 촉각 빅데이터로 본 재테크파월 매운입 이 야속한 증시 산타랠리 먹구름공정위 철퇴까지 최악의 한 해 맞은 카카오 김범수중소 핀테크를 위한 규제개혁이 필요하다,
2022.12.18,카카오페이,팔자 로 돌변 믿었던 기관 올 15조 내던졌다성장 추락 배터리 질주 시총 상위권 순위 지각변동개미 순매수 상위 10개 평균 20% 네카오 시총 대추락개미들 줍줍한 종목 지옥행 10개 종목 평균 20% 빠졌다적금 부활,
2022.12.19,카카오페이,게임 등 성장주 직격탄 시총 10조 클럽 10곳 우수수 탈락마이데이터 출범 1년 가입자 유치 경쟁성장주 지고 배터리주 뜨고,
2022.12.20,카카오페이,데이터 잡아야 산다 카드사들 진검승부이자 숨막힌다 대출 갈아타기 10배 늘어 1080억,
2022.12.21,카카오페이,카카오 판교 신사옥 수익증권 매물로규제샌드박스 종료 앞둔 모바일 전자고지 서비스 이어간다마케팅우수 라움소프트 위 변조 검증 솔루션 코드엑스마진 없는 서민금융부터 조여 대부금융 카드론도 퇴짜 일쑤손태승 연임 또 경고한 당국 김주현 중징계는 정부 뜻피싱 중고거래 피해 보장 카카오페이손보 안심보험잘나가던 LG엔솔 심상찮은 뒷걸음질 불안한 우리사주P2P업계 자금난에 줄폐업 위기 투자규제 풀어주나,
2022.12.22,카카오페이,대구형 택시앱 대구로 택시 22일 출발 카카오T 비켜라대구시 대구로택시 12월 22일부터 호출하세요 카카오 시장 독점 깬다카드앱 하나면 된다 국민카드앱서 신한카드로 결제신원근 카카오페이 대표 올해 자사주 총 5만주 매입 책임 경영 약속 지킬 것앱카드 상호연동 오픈페이 오늘 개시 호응 미지수신한 하나 국민카드 앱 하나에 등록해 사용,
2022.12.23,카카오페이,국내 상륙 임박 애플페이 간편결제 시장 뒤흔들까2000년 이후 가장 긴 조정 터널 동학개미 눈물의 엑소더스2000년 이후 최장 조정 개미 눈물의 탈출수수료 부담 줄인 대구로 택시앱 시동,
2022.12.25,카카오페이,,
2022.12.26,카카오페이,내년부터 페이업체도 금감원에 상시분담금 낸다3600피 10만전자 간다면서요 올해도 어긋난 전망하루 평균 7000억 페이전쟁너만 페이냐 나도페이다 카드사 오픈페이 들고 참전 돈창포용성 프라이버시 편의성 다 갖춘 CBDC 만들것동양생명 고객중심 서비스 역량 강화에 집중,
2022.12.27,카카오페이,한샘 가구 렌털 사업 철수 선택과 집중윤 대통령 당선 용산시대 158명 스러진 이태원 참사 국내10대 뉴스롯데면세점 모바일 연하장 에스파 슈퍼주니어가 모델대통령 용산시대 개막 외 세계일보 선정 2022 10대 뉴스 국내,
2022.12.28,카카오페이,다시 기본으로 먹튀 논란 카카오페이 반성과 쇄신의 한 해내년부터 쿠팡 카카오페이 간편결제 수수료율 공시네이버 쿠팡 등 빅테크 간편결제 6개월마다 수수료율 공개한다카페 같은 셀프빨래방 성공 이젠 글로벌 시장 세탁 나선다 K브랜드 리포트,
2022.12.29,카카오페이,페이 수수료 얼마 내년부터 공시한다멤버들의 박탈감 네이버 대출비교 빅테크 불공정 아닌가빅테크 온라인 간편결제 수수료율 내년부터 공시업계 1위 현대캐피탈도 대출 문 축소디지털 대전환의 기로에 선 한국대출 중단 저축은행의 항변 토스 카카오 수수료 부담 크다수익 창출 나선 카카오 카뱅에도 광고 붙인다저축 캐피털 대부업 1위업체들도 돈줄 말라 개점휴업월급 86%가 고정지출 절반은 소득 30% 저축 어려워월급 86%가 고정지출 절반은 소득 30% 저축 어려워,
2022.12.30,카카오페이,카카오 먹통 피해 일반 이용자 5500억 규모 보상카카오 화재 피해 소상공인 일괄 지원카카오 먹통피해 소상공인에 최대 5만원 현금보상중소 쇼핑몰도 쿠팡처럼 페이 쉽게 쓸수 있어올 증시 1월3일 개장일이 꼭지 였다 코스피 3천대 찍고 내리막코스피 폐장일까지 하락 올해 초 대비 25% 급락당장 생활비 급한데 대출 막히고 카드 한도까지 싹둑올 증시 1월3일 개장일이 꼭지 였다 코스피 3천대 찍고 내리막코스피 폐장일까지 하락 올해 초 대비 25% 급락2900 2200 악몽 같았던 코스피 삼성전자 네카오 초토화핀테크 2022년과 2023년,
