company,date,title,rise
엔씨소프트,2018-01-02,엔씨소프트 새해 유연근무제 도입,0.0
엔씨소프트,2018-01-03,엔씨의 출퇴근 실험 유연근무제 도입,1.0
엔씨소프트,2018-01-04,신년기획 게임 콘텐츠 산업전망,1.0
엔씨소프트,2018-01-05,게임업계 해외진출 신기술 로 성장페달,1.0
엔씨소프트,2018-01-08,한달새 % 떨어진 엔씨소프트 지금이 매수 기회,1.0
엔씨소프트,2018-01-09,네이버 카카오에 시무식 신년사가 없는 이유,1.0
엔씨소프트,2018-01-10,사드 해빙 소비주 약진 코스피 훌쩍 넘을 것,1.0
엔씨소프트,2018-01-11,기자수첩 엔씨의 유연근무제 도입 새해 게임업계의 화두 되길,1.0
엔씨소프트,2018-01-12,전영현 이상봉 등 공학한림원 정회원,0.0
엔씨소프트,2018-01-15,무술년 벽두부터 모바일게임 도그파이트,1.0
엔씨소프트,2018-01-16,게임 위에 모바일게임 올 매출 조시대 열린다,1.0
엔씨소프트,2018-01-17,국내시장 포화 게임 빅 해외시장 개척 공격 행보,1.0
엔씨소프트,2018-01-18,공학한림원 전영현 삼성 사장 등 정회원 명 선정,1.0
엔씨소프트,2018-01-19,공학한림원 신입 회원 선정 홍대식 정충기 전영현 등 명 정회원,1.0
엔씨소프트,2018-01-22,공학한림원 정회원에 전영현 사장,1.0
엔씨소프트,2018-01-23,이병태의 유니콘기업 이야기 왜 유니콘 기업인가,1.0
엔씨소프트,2018-01-24,핀테크 시장 성공 스타트업 살펴보니 인력이 브레인 역할,1.0
엔씨소프트,2018-01-25,게임 빅 대항마로 떠오른 카카오게임즈,1.0
엔씨소프트,2018-01-29,리니지 불법 사설서버 줄고 배틀 불법 프로그램 늘었다,1.0
엔씨소프트,2018-01-30,금융위 엔씨소프트 부사장 검찰 고발,1.0
엔씨소프트,2018-01-31,미공개 정보 이용 엔씨소프트 부사장 고발,1.0
엔씨소프트,2018-02-01,미공개정보 의혹 고발당한 엔씨 부사장,1.0
엔씨소프트,2018-02-02,미공개정보로 주식매도 의혹 배재현 엔씨소프트 부사장 고발,1.0
엔씨소프트,2018-02-05,게임 수출 역군 으로 부상했지만 국내선 여전히 사회악 낙인,0.0
엔씨소프트,2018-02-06,상장사 분기 영업이익 조 달한 듯 실적 안개 걷힌다,1.0
엔씨소프트,2018-02-07,엔씨소프트 부사장 미공개정보 주식거래 혐의,1.0
엔씨소프트,2018-02-08,여명 고진감래 라고 말하고 싶지만,1.0
엔씨소프트,2018-02-09,크런치 모드 시달리는 게임업계 유연근무제 통할까,0.0
엔씨소프트,2018-02-12,연초부터 시들시들해진 게임,1.0
엔씨소프트,2018-02-13,외인 기관 게임 는 팔자 올 넷마블 엔씨등 순매도,1.0
엔씨소프트,2018-02-19,선두다툼 치열한 게임업계 빅 시장이 승부처,1.0
엔씨소프트,2018-02-21,덩치 키웠지만 여전히 폭풍우 속 선장 바꾸는 게임업계,1.0
엔씨소프트,2018-02-22,엔씨문화재단 와 소외계층 아동 교육,1.0
엔씨소프트,2018-02-23,게임위 가상화폐 웹보드 게임 접목 땐 사행화 우려,1.0
엔씨소프트,2018-02-26,효과 에 강세 차산업혁명 펀드 탄력,1.0
엔씨소프트,2018-02-27,자산운용 소프트파워 기업 투자 펀드 판매,1.0
엔씨소프트,2018-02-28,자산운용 소프트파워펀드 출시 일 판매,0.0
엔씨소프트,2018-03-02,엔씨 넷마블 단일게임 매출 조시대,1.0
엔씨소프트,2018-03-05,사설 단일게임 매출 조시대 규제 풀어야 지속가능하다,1.0
엔씨소프트,2018-03-06,올해 온라인 게임 신작 편 흥행몰이 나선다,1.0
엔씨소프트,2018-03-07,문화콘텐츠 제조과학기술 투자 소프트파워펀드 출시,1.0
엔씨소프트,2018-03-08,통신 산업 코딩부터 수학 과학 교육 어린이 창의성 키우는 게임업계,1.0
엔씨소프트,2018-03-09,구글 앱마켓 매출 조원 돌파,1.0
엔씨소프트,2018-03-12,이슈분석 모바일 강에 도전하는 제후국,2.0
엔씨소프트,2018-03-13,리니지 업고 구글플레이 작년 매출 역대 최고치,1.0
엔씨소프트,2018-03-14,엔터 코딩 잘 못해도 기초 탄탄하면 채용,1.0
엔씨소프트,2018-03-15,첨단 회계 로 재무장한 안진회계법인,1.0
엔씨소프트,2018-03-16,이태현 엔터메이트 대표 상반기 신작 대거 출시 흑자전환 자신,1.0
엔씨소프트,2018-03-19,라이언 전무 의 힘 카카오게임즈 국내 게임시장 체인저 되나,1.0
엔씨소프트,2018-03-20,이슈분석 모바일 신한류 양날의 검 확률형아이템,1.0
엔씨소프트,2018-03-21,게임업계 빅 조직개편 김택진 엔씨소프트 대표 맡아 등 신기술 접목 미래성장 동력 확보,1.0
엔씨소프트,2018-03-22,게임업계 빅 조직개편 백영훈 넷마블 부사장 공동대표로 모바일 게임 주축 일본시장 공략 본격화,1.0
엔씨소프트,2018-03-23,스팀 올라탄 게임 잘나가네,0.0
엔씨소프트,2018-03-26,게임업계 빅 조직개편 이정헌 넥슨 부사장 신임대표로 스포츠 사업 키워 새 수익원 발굴 주력,1.0
엔씨소프트,2018-03-27,국내산 게임 년째 진출 제로 빗장 장기화에 업계 골머리,1.0
엔씨소프트,2018-03-28,게임산업 사람이 곧 경쟁력인데 중소형사 제작 개발인력 태부족,1.0
엔씨소프트,2018-03-29,팔아라 오쇼핑 동반 급락,1.0
엔씨소프트,2018-03-30,숨 고르던 대형 게임주 반등할까,1.0
엔씨소프트,2018-04-02,거래소 투자하고 채굴사업 가상화폐에 승부 거는 게임업체,1.0
엔씨소프트,2018-04-03,인터뷰 글로벌부동산서비스사 한국법인 장재훈 신임대표,1.0
엔씨소프트,2018-04-04,조정 받은 외국인이 쓸어담았다,1.0
엔씨소프트,2018-04-05,업계가 직장어린이집에 공들이는 이유는,1.0
엔씨소프트,2018-04-06,년 만에 온 호재인데 년째 막힌 게임 수출길,1.0
엔씨소프트,2018-04-09,풀리지않는 사드 게임 빅 실적 주춤,1.0
엔씨소프트,2018-04-10,게임사 가상화폐 베팅 될까 될까,1.0
엔씨소프트,2018-04-11,톡톡 암호화폐가 맞나 가상통화가 맞나,1.0
엔씨소프트,2018-04-12,한국게임 신규 허가 제로 여전히 꽉 막힌 중국 수출길,1.0
엔씨소프트,2018-04-13,외인증권사 극단적 매도 보고서 코스닥 랠리에 찬물,1.0
엔씨소프트,2018-04-16,제 의 셀트리온 찾자 펀드매니저 미디어 베팅,1.0
엔씨소프트,2018-04-18,미래기업포커스 카카오게임즈 한국게임 새로운 허리가 되다,1.0
엔씨소프트,2018-04-19,다산 칼럼 기업인 제쳐놓고 말로만 만드는 일자리,1.0
엔씨소프트,2018-04-20,포세대 투기의 함정서 벗어나라 재무제표 보기가 투자의 기본 블록체인 모르고 가상화폐 투기 안돼,1.0
엔씨소프트,2018-04-23,현장에서 잊을만하면 목표주가 테러 외국계 증권사는 왜,1.0
엔씨소프트,2018-04-24,서울대 카이스트가 게임 세대 이젠 끼있는 개발자 전성시대,1.0
엔씨소프트,2018-04-25,셧다운 규제 전화위복 모바일로 세계 우뚝,1.0
엔씨소프트,2018-04-26,코스피 또 사상 최고치 뚫었다,1.0
엔씨소프트,2018-04-27,하나금융 엔씨소프트 이익 증가 전망 은행 증권 게임주 주목해야,1.0
엔씨소프트,2018-04-30,이번주 추천주 실적 영향권 진입 씨에스윈드 등 성장 주목,1.0
엔씨소프트,2018-05-03,넥슨 듀랑고 접속 장애 불구 리니지 꺾고 주간사용시간 위,1.0
엔씨소프트,2018-05-08,이번주 주 일 다음주 주 일 이런 탄력근무 봤어,1.0
엔씨소프트,2018-05-09,셀트리온 삼성바이오 신라젠 베일벗은,2.0
엔씨소프트,2018-05-10,등장에 기관 지수 갈아타기 상승장 발목 잡나,0.0
엔씨소프트,2018-05-11,이사람 김환민 게임개발자연대 사무국장 게임업계 열악한 근로환경 바뀌어야,0.0
엔씨소프트,2018-05-14,넷마블 엔씨소프트 앱시장 수익 견인,1.0
엔씨소프트,2018-05-15,필살기로 % 성장 한국게임 올해도 이 악문다,2.0
엔씨소프트,2018-05-16,잘나가는 한국앱 넷마블 작년 앱마켓 매출 위,1.0
엔씨소프트,2018-05-17,시총 조 시장이 인정한 게임사들 현금 조 로 글로벌무대 공략,1.0
엔씨소프트,2018-05-18,문화재 지킴이 소통 도우미 게임업계 특별한 사회공헌 눈길,1.0
엔씨소프트,2018-05-21,제 의 배그 나오려면 실패땐 끝장인 게임업계 생태계 바꿔야,1.0
엔씨소프트,2018-05-23,경제 카페 한국에 다가서는 페북 글로벌 기준 고집 구글,1.0
엔씨소프트,2018-05-24,페이스북 인터넷기업협회 부회장사 승격 신청,1.0
엔씨소프트,2018-05-25,엔씨소프트 새해 유연근무제 도입,1.0
엔씨소프트,2018-05-29,엔씨의 출퇴근 실험 유연근무제 도입,1.0
엔씨소프트,2018-05-30,신년기획 게임 콘텐츠 산업전망,1.0
엔씨소프트,2018-05-31,게임업계 해외진출 신기술 로 성장페달,1.0
엔씨소프트,2018-06-01,한달새 % 떨어진 엔씨소프트 지금이 매수 기회,1.0
엔씨소프트,2018-06-04,네이버 카카오에 시무식 신년사가 없는 이유,1.0
엔씨소프트,2018-06-05,사드 해빙 소비주 약진 코스피 훌쩍 넘을 것,1.0
엔씨소프트,2018-06-08,전영현 이상봉 등 공학한림원 정회원,2.0
엔씨소프트,2018-06-07,무술년 벽두부터 모바일게임 도그파이트,1.0
엔씨소프트,2018-06-11,게임 위에 모바일게임 올 매출 조시대 열린다,1.0
엔씨소프트,2018-06-12,국내시장 포화 게임 빅 해외시장 개척 공격 행보,1.0
엔씨소프트,2018-06-14,공학한림원 신입 회원 선정 홍대식 정충기 전영현 등 명 정회원,1.0
엔씨소프트,2018-06-15,공학한림원 정회원에 전영현 사장,1.0
엔씨소프트,2018-06-19,이병태의 유니콘기업 이야기 왜 유니콘 기업인가,1.0
엔씨소프트,2018-06-20,핀테크 시장 성공 스타트업 살펴보니 인력이 브레인 역할,1.0
엔씨소프트,2018-06-21,게임 빅 대항마로 떠오른 카카오게임즈,2.0
엔씨소프트,2018-06-22,리니지 불법 사설서버 줄고 배틀 불법 프로그램 늘었다,1.0
엔씨소프트,2018-06-25,금융위 엔씨소프트 부사장 검찰 고발,1.0
엔씨소프트,2018-06-26,미공개 정보 이용 엔씨소프트 부사장 고발,1.0
엔씨소프트,2018-06-27,미공개정보 의혹 고발당한 엔씨 부사장,1.0
엔씨소프트,2018-06-28,미공개정보로 주식매도 의혹 배재현 엔씨소프트 부사장 고발,0.0
엔씨소프트,2018-06-29,게임 수출 역군 으로 부상했지만 국내선 여전히 사회악 낙인,2.0
엔씨소프트,2018-07-02,상장사 분기 영업이익 조 달한 듯 실적 안개 걷힌다,1.0
엔씨소프트,2018-07-03,엔씨소프트 부사장 미공개정보 주식거래 혐의,1.0
엔씨소프트,2018-07-04,여명 고진감래 라고 말하고 싶지만,1.0
엔씨소프트,2018-07-05,크런치 모드 시달리는 게임업계 유연근무제 통할까,1.0
엔씨소프트,2018-07-06,연초부터 시들시들해진 게임,1.0
엔씨소프트,2018-07-09,외인 기관 게임 는 팔자 올 넷마블 엔씨등 순매도,1.0
엔씨소프트,2018-07-10,장 마감 후 기업공시 월 일,1.0
엔씨소프트,2018-07-11,선두다툼 치열한 게임업계 빅 시장이 승부처,1.0
엔씨소프트,2018-07-12,덩치 키웠지만 여전히 폭풍우 속 선장 바꾸는 게임업계,1.0
엔씨소프트,2018-07-13,엔씨문화재단 와 소외계층 아동 교육,1.0
엔씨소프트,2018-07-16,게임위 가상화폐 웹보드 게임 접목 땐 사행화 우려,1.0
엔씨소프트,2018-07-17,효과 에 강세 차산업혁명 펀드 탄력,1.0
엔씨소프트,2018-07-18,자산운용 소프트파워 기업 투자 펀드 판매,1.0
엔씨소프트,2018-07-20,자산운용 소프트파워펀드 출시 일 판매,1.0
엔씨소프트,2018-07-23,넷마블 나눔문화 확산 사회공헌재단 만든다,1.0
엔씨소프트,2018-07-24,엔씨 넷마블 단일게임 매출 조시대,1.0
엔씨소프트,2018-07-25,사설 단일게임 매출 조시대 규제 풀어야 지속가능하다,1.0
엔씨소프트,2018-07-27,올해 온라인 게임 신작 편 흥행몰이 나선다,1.0
엔씨소프트,2018-07-30,문화콘텐츠 제조과학기술 투자 소프트파워펀드 출시,1.0
엔씨소프트,2018-07-31,통신 산업 코딩부터 수학 과학 교육 어린이 창의성 키우는 게임업계,1.0
엔씨소프트,2018-08-01,구글 앱마켓 매출 조원 돌파,1.0
엔씨소프트,2018-08-02,이슈분석 모바일 강에 도전하는 제후국,0.0
엔씨소프트,2018-08-03,리니지 업고 구글플레이 작년 매출 역대 최고치,1.0
엔씨소프트,2018-08-06,엔터 코딩 잘 못해도 기초 탄탄하면 채용,1.0
엔씨소프트,2018-08-07,첨단 회계 로 재무장한 안진회계법인,1.0
엔씨소프트,2018-08-08,이태현 엔터메이트 대표 상반기 신작 대거 출시 흑자전환 자신,1.0
엔씨소프트,2018-08-09,라이언 전무 의 힘 카카오게임즈 국내 게임시장 체인저 되나,1.0
엔씨소프트,2018-08-10,이슈분석 모바일 신한류 양날의 검 확률형아이템,1.0
엔씨소프트,2018-08-13,게임업계 빅 조직개편 김택진 엔씨소프트 대표 맡아 등 신기술 접목 미래성장 동력 확보,1.0
엔씨소프트,2018-08-14,게임업계 빅 조직개편 백영훈 넷마블 부사장 공동대표로 모바일 게임 주축 일본시장 공략 본격화,2.0
엔씨소프트,2018-08-16,게임업계 빅 조직개편 이정헌 넥슨 부사장 신임대표로 스포츠 사업 키워 새 수익원 발굴 주력,0.0
엔씨소프트,2018-08-17,국내산 게임 년째 진출 제로 빗장 장기화에 업계 골머리,1.0
엔씨소프트,2018-08-20,게임산업 사람이 곧 경쟁력인데 중소형사 제작 개발인력 태부족,1.0
엔씨소프트,2018-08-21,팔아라 오쇼핑 동반 급락,1.0
엔씨소프트,2018-08-22,숨 고르던 대형 게임주 반등할까,1.0
엔씨소프트,2018-08-23,거래소 투자하고 채굴사업 가상화폐에 승부 거는 게임업체,2.0
엔씨소프트,2018-08-24,인터뷰 글로벌부동산서비스사 한국법인 장재훈 신임대표,1.0
엔씨소프트,2018-08-27,조정 받은 외국인이 쓸어담았다,1.0
엔씨소프트,2018-08-28,업계가 직장어린이집에 공들이는 이유는,1.0
엔씨소프트,2018-08-29,년 만에 온 호재인데 년째 막힌 게임 수출길,1.0
엔씨소프트,2018-08-30,풀리지않는 사드 게임 빅 실적 주춤,1.0
엔씨소프트,2018-08-31,게임사 가상화폐 베팅 될까 될까,1.0
엔씨소프트,2018-09-03,톡톡 암호화폐가 맞나 가상통화가 맞나,1.0
엔씨소프트,2018-09-04,한국게임 신규 허가 제로 여전히 꽉 막힌 중국 수출길,2.0
엔씨소프트,2018-09-05,외인증권사 극단적 매도 보고서 코스닥 랠리에 찬물,1.0
엔씨소프트,2018-09-07,제 의 셀트리온 찾자 펀드매니저 미디어 베팅,2.0
엔씨소프트,2018-09-10,미래기업포커스 카카오게임즈 한국게임 새로운 허리가 되다,1.0
엔씨소프트,2018-09-11,다산 칼럼 기업인 제쳐놓고 말로만 만드는 일자리,1.0
엔씨소프트,2018-09-12,포세대 투기의 함정서 벗어나라 재무제표 보기가 투자의 기본 블록체인 모르고 가상화폐 투기 안돼,1.0
엔씨소프트,2018-09-13,현장에서 잊을만하면 목표주가 테러 외국계 증권사는 왜,1.0
엔씨소프트,2018-09-14,서울대 카이스트가 게임 세대 이젠 끼있는 개발자 전성시대,1.0
엔씨소프트,2018-09-17,셧다운 규제 전화위복 모바일로 세계 우뚝,1.0
엔씨소프트,2018-09-18,코스피 또 사상 최고치 뚫었다,1.0
엔씨소프트,2018-09-19,하나금융 엔씨소프트 이익 증가 전망 은행 증권 게임주 주목해야,1.0
엔씨소프트,2018-09-20,이번주 추천주 실적 영향권 진입 씨에스윈드 등 성장 주목,1.0
엔씨소프트,2018-09-21,서브드림 스튜디오 블록체인발 게임유통 혁신,1.0
엔씨소프트,2018-09-27,기고 일과 삶의 균형 워라벨 근무개선에 머리맞댈 때,1.0
엔씨소프트,2018-09-28,이번주 주 일 다음주 주 일 이런 탄력근무 봤어,1.0
엔씨소프트,2018-10-01,셀트리온 삼성바이오 신라젠 베일벗은,1.0
엔씨소프트,2018-10-02,등장에 기관 지수 갈아타기 상승장 발목 잡나,0.0
엔씨소프트,2018-10-04,넷마블 엔씨소프트 앱시장 수익 견인,1.0
엔씨소프트,2018-10-05,필살기로 % 성장 한국게임 올해도 이 악문다,0.0
엔씨소프트,2018-10-08,잘나가는 한국앱 넷마블 작년 앱마켓 매출 위,1.0
엔씨소프트,2018-10-10,문화재 지킴이 소통 도우미 게임업계 특별한 사회공헌 눈길,1.0
엔씨소프트,2018-10-11,제 의 배그 나오려면 실패땐 끝장인 게임업계 생태계 바꿔야,0.0
엔씨소프트,2018-10-12,경제 카페 한국에 다가서는 페북 글로벌 기준 고집 구글,2.0
엔씨소프트,2018-10-15,페이스북 인터넷기업협회 부회장사 승격 신청,1.0
엔씨소프트,2018-10-16,베르트랑 슈밋 한국은 게임앱 강자 쇼핑앱도 급성장할것,1.0
엔씨소프트,2018-10-17,게임 글로벌 모바일 앱시장 휩쓸어,1.0
엔씨소프트,2018-10-19,게임 빅 국내시장 점유율 % 첫 돌파,1.0
엔씨소프트,2018-10-23,인터넷기업협회 부회장사 된 페이스북 달라진 행보 종합,1.0
엔씨소프트,2018-10-24,듀랑고 돌풍 넥슨 모바일 게임차트 싹쓸이,1.0
엔씨소프트,2018-10-25,힘빠진 게임 신작 약발 기대,1.0
엔씨소프트,2018-10-26,엔씨소프트 년 달린 리니지 비결은 투자,0.0
엔씨소프트,2018-10-29,시스템 장애 배달 못시키고 게임도 먹통,1.0
엔씨소프트,2018-10-30,넥슨 넷마블 엔씨 조클럽 등극 눈앞,2.0
엔씨소프트,2018-10-31,이런 펀드 어때요 자산운용 소프트파워펀드 신기술 문화콘텐츠 보유 기업에 투자,1.0
엔씨소프트,2018-11-01,김학균의 금융의 속살 쉬운 코스닥 상장 허약한 지속가능성,1.0
엔씨소프트,2018-11-02,연간 수백명 채용 신진게임사 업계 일자리 중심으로,1.0
엔씨소프트,2018-11-05,신작에 목마른 게임 진출 호재로 생기 도나,1.0
엔씨소프트,2018-11-06,빅 게임사 올해도 깜짝실적 이어간다,1.0
엔씨소프트,2018-11-07,미국발 악재에 트리플 약세 증시 급격한 하락 없겠지만 외국인 자금 이탈 규모가 변수,1.0
엔씨소프트,2018-11-08,넷마블 국내 게임업계 위 예약,1.0
엔씨소프트,2018-11-09,한국 게임사 연매출 시대,1.0
엔씨소프트,2018-11-12,현금 조 쌓아둔 국내 빅 글로벌로 눈 돌린다,1.0
엔씨소프트,2018-11-13,매출 조 시대 연 넷마블 콘솔 로 판 키운다,1.0
엔씨소프트,2018-11-14,넷마블 콘솔 로 판키운다,1.0
엔씨소프트,2018-11-15,호실적 컴투스 증권사 목표가 잇단 상향,2.0
엔씨소프트,2018-11-16,인기게임 차트 속속 진입 중견게임사 약진,1.0
엔씨소프트,2018-11-19,리포트 엿새간 조 매도한 외국인 급락장서 찜한 종목은,1.0
엔씨소프트,2018-11-20,고맙다 리니지 엔씨소프트 작년 매출 조 억 역대 최대,1.0
엔씨소프트,2018-11-21,리니지의 힘 엔씨 매출 조 조 넘어 조 클럽 눈앞,1.0
엔씨소프트,2018-11-22,리니지 로 대박난 넷마블 엔씨 작년 매출 수익 비교했더니,1.0
엔씨소프트,2018-11-23,아시아나 영업익 억 깜짝 실적,1.0
엔씨소프트,2018-11-26,빅 도약 나서는 카카오게임즈 개발 자회사 프렌즈게임즈 출범,2.0
엔씨소프트,2018-11-27,엔씨소프트 스피드 경영 의 힘,1.0
엔씨소프트,2018-11-28,넷마블 넥슨 제치고 게임 왕좌 등극,2.0
엔씨소프트,2018-11-29,매출 왕좌의 게임 넷마블 년 만에 넥슨 꺾어,1.0
엔씨소프트,2018-11-30,넷마블 년 만에 매출 배 년 만에 넥슨천하 종지부,1.0
엔씨소프트,2018-12-03,모바일게임 승부수 통했다 넷마블 넥슨 제치고 첫 위,0.0
엔씨소프트,2018-12-04,게임 투톱 사상 최고실적에도 주가 내리막 신작 돌파구 될까,1.0
엔씨소프트,2018-12-05,억건 로 분석 에듀테크로 해외 진출,1.0
엔씨소프트,2018-12-06,조 실적잔치 게임 포털 스몸비 는 나몰라라,1.0
엔씨소프트,2018-12-07,외풍에도 잘 견디는 실적 우등생 찾아라,1.0
엔씨소프트,2018-12-10,코스피시장서 일간 조 쇼핑 개인의 베팅 성공할까,1.0
엔씨소프트,2018-12-11,게임 빅 작년 매출 조 천억 영업익도 조 사상 최대 실적,1.0
엔씨소프트,2018-12-13,넷마블 넥슨 년 아성 깨고 매출 위로,1.0
엔씨소프트,2018-12-14,덩치 커진 넷마블 실속 챙긴 넥슨,1.0
엔씨소프트,2018-12-17,큰손들 저평가 종목 러브콜,0.0
엔씨소프트,2018-12-18,실속 베팅 하이닉스 삼성 집중 매수,1.0
엔씨소프트,2018-12-19,기업 성장엔진은 콘텐츠 무한경쟁 예고,1.0
엔씨소프트,2018-12-20,외국인 가치주 사들이고 성장주 매도,0.0
엔씨소프트,2018-12-21,조 매물 쏟아낸 외국인 낮은 종목은 샀다,1.0
엔씨소프트,2018-12-24,엔씨소프트 판교에 글로벌 센터 짓는다,1.0
엔씨소프트,2018-12-26,엔씨 판교에 글로벌 센터 세계적 허브로 육성,1.0
엔씨소프트,2018-12-27,엔씨소프트 성남 분당에 글로벌 센터 건립,1.0
엔씨소프트,2018-12-28,게임 왕좌의 게임 작년 역대 최대실적 올렸다,0.0
엔씨소프트,2019-01-02,게임수출 조 시대 신시장 태국 정조준,1.0
엔씨소프트,2019-01-03,설 이후 증시 무게 잡아줄 상장사 분기 실적은,1.0
엔씨소프트,2019-01-04,엔씨 북미 모바일 퍼블리싱 임원직 신설,1.0
엔씨소프트,2019-01-07,게임업계 잇단 대규모 플랫폼 콘텐츠 대세,1.0
엔씨소프트,2019-01-08,실적장세 온다 먼저 움직인 하이닉스 삼성 찜,1.0
엔씨소프트,2019-01-09,신산업 보폭 넓히는 김정주 대표 이번엔 로보어드바이저 투자,1.0
엔씨소프트,2019-01-10,이슈분석 난제 속 더 가까워진 텐센트와 한국게임,1.0
엔씨소프트,2019-01-11,롯데쇼핑 등 실적 줄어도 통 큰 배당,2.0
엔씨소프트,2019-01-14,중견 게임사들 인기 원작 활용 신작 내놓는다,1.0
엔씨소프트,2019-01-15,이슈분석 글로벌 큰 손 텐센트 페이스북보다 시총 높아,1.0
엔씨소프트,2019-01-16,유니콘 제조 인정 받으니 대접 달라졌죠,1.0
엔씨소프트,2019-01-17,온라인게임 플레이시간 우상향 돌아온 봄날 손 담그는 대형사,2.0
엔씨소프트,2019-01-18,학계 사 게임질병화 반대 공동전선 구축 나선다 다각도 검토 중,2.0
엔씨소프트,2019-01-21,아이디어 반짝 콘텐츠기업에 든든한 날개,1.0
엔씨소프트,2019-01-22,게임 맞수 열전 엔씨소프트 리니지 펄어비스 검은사막 모바일,1.0
엔씨소프트,2019-01-23,추위 안풀린 소비주,1.0
엔씨소프트,2019-01-24,남궁훈 카카오게임즈 대표의 분식집,1.0
엔씨소프트,2019-01-25,넷마블 엔씨 대박 동맹 년만에 상호 지분투자 평가익 수천억,1.0
엔씨소프트,2019-01-28,한국 게임 매출 절반 이상 빅 가 거뒀다,1.0
엔씨소프트,2019-01-30,파월의 입 주목 지수보단 업종 종목 신경써야,1.0
엔씨소프트,2019-01-31,엔씨소프트 데이 개최 연구성과 공유,1.0
엔씨소프트,2019-02-01,어두운 마의 기운 몰아내자 난세 속 영웅 이야기,1.0
엔씨소프트,2019-02-07,게임업체들의 특별한 사회공헌 어린이 청소년의 꿈을 지원합니다,1.0
엔씨소프트,2019-02-08,넥슨재단 설립 제 어린이재활병원 세운다,1.0
엔씨소프트,2019-02-11,신작출시 기막힌 타이밍 중소게임 전성시대,1.0
엔씨소프트,2019-02-12,넥슨재단 출범 어린이 창의력 중심 사회공헌 본격화,0.0
엔씨소프트,2019-02-13,넥슨 사회공헌 재단 출범 어린이 청소년 지원 최우선,1.0
엔씨소프트,2019-02-14,펄어비스 검은사막 모바일 출격,2.0
엔씨소프트,2019-02-15,갤러그 슈퍼마리오 살아있네 힘입어 낚시 게임도 열풍,1.0
엔씨소프트,2019-02-18,리니지 게 섰거라 펄어비스 검은사막 모바일 첫날 접속 폭주,1.0
엔씨소프트,2019-02-19,신작 투자 때문에 게임 배당 이번에도 닫힌 지갑,1.0
엔씨소프트,2019-02-20,겨울잠 에서 깨어난 게임주 컴투스,1.0
엔씨소프트,2019-02-22,엔씨 억 들여 년 과학 체험 시설 만든다,0.0
엔씨소프트,2019-02-25,주 시간 근무 업계 전반에 확산될까,1.0
엔씨소프트,2019-02-26,준 대기업지정 유력한 넷마블 선제적 대응 준비,1.0
엔씨소프트,2019-02-27,조 교대 탄력근로제 주 시간 황금률 찾아라,1.0
엔씨소프트,2019-02-28,창의성 키우기 나선 기업들 틀을 깨자 호칭 파괴 업무 발굴 셀프결재도,1.0
엔씨소프트,2019-03-04,게임 개발 투자 혼자서는 어려워 게임업계 투톱 바람,1.0
엔씨소프트,2019-03-05,외국인도 반했다 저평가 대 천왕,1.0
엔씨소프트,2019-03-06,게임 빅 플랫폼 확장 융합 개발력 강화 속도,1.0
엔씨소프트,2019-03-07,콘텐츠칼럼 게임은 문화를 담는 그릇이다,1.0
엔씨소프트,2019-03-08,흥행돌풍 검은사막 모바일 리니지 아성 넘어서나,1.0
엔씨소프트,2019-03-11,비바리퍼블리카 토스 서비스 다양화 종합금융으로 발돋움,1.0
엔씨소프트,2019-03-12,방준혁 의장 모바일 한계 넘겠다 게임으로 승부,1.0
엔씨소프트,2019-03-13,생각언어 코딩혁명 총리부터 까지 코딩하라 고로 존재한다,1.0
엔씨소프트,2019-03-15,신작 기대감 부재 하반기만 바라보는 엔씨소프트,1.0
엔씨소프트,2019-03-14,구글플레이는 검은사막 특수 중,1.0
엔씨소프트,2019-03-18,황찬현 감사원장 엔씨소프트 사외이사로,1.0
엔씨소프트,2019-03-19,이슈 외국인도 반한 저평가 석학들 대공황 경고 관심,1.0
엔씨소프트,2019-03-20,고위관료 법관 출신 사외이사 모시기,1.0
엔씨소프트,2019-03-21,하이닉스 삼성바이오로직스 외국인 이익 커질 종목만 골라 담는다,1.0
엔씨소프트,2019-03-22,게임사 선봉에 서다,2.0
엔씨소프트,2019-03-25,외국인 조정장서 성장주는 담았다,1.0
엔씨소프트,2019-03-26,넷마블 블록체인 사업목적에 추가 사업 진출에 속도,1.0
엔씨소프트,2019-03-27,확률형아이템 자율규제 인증제도 시행,1.0
엔씨소프트,2019-03-28,우리도 있다 게임업계 신흥 빅 뜬다,2.0
엔씨소프트,2019-03-29,카톡 선물 게임 캐시 세금내라 기재부 과세 검토,1.0
엔씨소프트,2019-04-01,예능까지 꿰찬 듀랑고,1.0
엔씨소프트,2019-04-02,게임장벽 에 년째 판호 못받는 업체들,1.0
엔씨소프트,2019-04-03,중소형주펀드 희비 가른 삼성전자 엑시트,1.0
엔씨소프트,2019-04-04,쇼핑하는 큰손 들 새 바구니에 산업재 담다,1.0
엔씨소프트,2019-04-05,액토즈소프트 올해 첫 신작 드래곤네스트 일 출격,1.0
엔씨소프트,2019-04-08,아카데미 개방적 온라인 플랫폼이 수익 창출 원천,1.0
엔씨소프트,2019-04-09,봄볕들자 도 방긋,1.0
엔씨소프트,2019-04-10,엔씨소프트 기술 대거 공개,1.0
엔씨소프트,2019-04-11,게임제작부터 야구까지 엔씨 기술 레벨업,1.0
엔씨소프트,2019-04-12,엔씨 기술 적용 서비스 확산,1.0
엔씨소프트,2019-04-15,엔씨소프트 리니지 음성채팅 기능 탑재,1.0
엔씨소프트,2019-04-16,게임 대장 의 동반 부진 넷마블 엔씨 바닥 찍고 하이킥,1.0
엔씨소프트,2019-04-17,로 야구정보 알려준다 김택진의 새 도전,1.0
엔씨소프트,2019-04-18,년 키운 조직 공개한 종합 기업 목표,1.0
엔씨소프트,2019-04-19,모니터 속 캐릭터가 나를 탐색한다 게임업체 개발 경쟁,1.0
엔씨소프트,2019-04-22,넥슨 영화 웹툰 원작으로 한 게임 확대 모바일게임 성장세 지속될 듯,1.0
엔씨소프트,2019-04-23,엔씨 야구정보 서비스 야구관련 질문 챗봇이 응답,1.0
엔씨소프트,2019-04-24,엔씨소프트 게임 넘어 기업으로 업그레이드,1.0
엔씨소프트,2019-04-25,게임 맞수 열전 라그나로크 드래곤네스트,1.0
엔씨소프트,2019-04-26,거물들 에 올인 인재 부르는게 값,1.0
엔씨소프트,2019-04-29,국내 업계도 업종 경계 사라진다,1.0
엔씨소프트,2019-04-30,엔씨소프트 주가 하락 미스터리 왜,1.0
엔씨소프트,2019-05-02,중소형 게임 신작 효과 기대감,1.0
엔씨소프트,2019-05-03,눈도장 출근 없앴더니 눈치는 줄고 협업 늘었다,1.0
엔씨소프트,2019-05-07,게임업계 연봉계약 갱신 올스톱 주 시간 근로제 월 시행에 패닉,0.0
엔씨소프트,2019-05-08,뮤지컬 이어 예능까지 게임 콘텐츠 무한도전,1.0
엔씨소프트,2019-05-09,주총 여 상장사 거느린 국민연금 올해 주요 이슈는,1.0
엔씨소프트,2019-05-10,추억의 싸이월드 뉴스 로 부활하나,1.0
엔씨소프트,2019-05-13,와이디온라인 분기 블록체인 기반 음원 플랫폼 선보인다,1.0
엔씨소프트,2019-05-14,신작효과 탄력받은 게임 더 간다,1.0
엔씨소프트,2019-05-15,이번엔 금호아시아나 시차출퇴근 산업계 워라밸 확산,1.0
엔씨소프트,2019-05-16,노블레스 오블리주 나선 게임 엔씨소프트 공익 무료 배포 창작자 작품 활동 지원도,1.0
엔씨소프트,2019-05-17,빅 와 격차 더 벌어진 중견게임사 수익개선에 올인,1.0
엔씨소프트,2019-05-20,노블레스 오블리주 나선 게임 사회공헌활동 레벨업,1.0
엔씨소프트,2019-05-21,대책 없는 중견기업들 올해 매출 포기 노조 임금 보전 요구,1.0
엔씨소프트,2019-05-22,시총격차 줄어드는 펄어비스와 컴투스 이유는,1.0
엔씨소프트,2019-05-23,불확실성 커진 증시 실적호전주 노려라,1.0
엔씨소프트,2019-05-24,만리장성 에 막힌 게임한국 선 짝퉁 쏟아지고 판권 갈취도,0.0
엔씨소프트,2019-05-27,기업 시총 상승률 시장 평균보다 높아,1.0
엔씨소프트,2019-05-28,모바일 포지션별 모바일중계 더 짜릿해진 게임 반갑다 프로야구 개막,1.0
엔씨소프트,2019-05-29,포털 게임 콘텐츠 융합 시도 본격화,1.0
엔씨소프트,2019-05-30,게임주 고공행진에 국내 첫 게임 나온다,1.0
엔씨소프트,2019-05-31,출근시간 내 맘대로 과로 악명 업계 워라밸 훈풍,1.0
엔씨소프트,2019-06-03,네이버 엔씨소프트 포함 불공정 웹툰계약 제동,1.0
엔씨소프트,2019-06-04,게임 이용때 지문인증 하세요 엔씨 생체정보보안 인증기 출시,1.0
엔씨소프트,2019-06-05,엔씨소프트가 강한 이유는 년간 억원 직원 % 매출 % 투자,1.0
엔씨소프트,2019-06-07,게임업계의 다음 미션 를 선점하라,1.0
엔씨소프트,2019-06-10,믿을건 실적뿐 분기 실적호전 로 쏠리는 눈,2.0
엔씨소프트,2019-06-11,상장사 분기 사상최대 실적 업종별 부익부 빈익빈,1.0
엔씨소프트,2019-06-12,차 저작물까지 웹툰 불공정 계약 무더기 시정조치,1.0
엔씨소프트,2019-06-13,여심잡은 라그나로크 리니지 누르고 매출 위,1.0
엔씨소프트,2019-06-14,스무살 리니지 어느덧 다둥이 아빠,1.0
엔씨소프트,2019-06-17,띄우는 게임사들 미지근한 시장에 불 지필까,1.0
엔씨소프트,2019-06-18,베스트 코리아 브랜드 위 삼성 위 현대차 위 기아차,1.0
엔씨소프트,2019-06-19,게임업계 내달부터 모든 게임에 확률아이템 자율규제,1.0
엔씨소프트,2019-06-20,엔씨 프로야구 대규모 업데이트,2.0
엔씨소프트,2019-06-21,같은 날 주총여는 엔씨 넷마블 각각 투명성 신사업 강조,1.0
엔씨소프트,2019-06-24,작년 모바일게임 지출액 게임의 배,1.0
엔씨소프트,2019-06-25,넷마블 엔씨소프트 주총서 사업다각화 의지 밝혀,1.0
엔씨소프트,2019-06-26,엔씨 사내이사 재선임 김택진 분야 적극 투자,1.0
엔씨소프트,2019-06-27,바람 한국기업 혁신 상상 그 이상,1.0
엔씨소프트,2019-06-28,카카오게임즈 연내 코스닥 상장,1.0
엔씨소프트,2019-07-01,바람 한국기업 연구개발 키워라 매출액 % 연구에 투자,1.0
엔씨소프트,2019-07-02,게임의 힘 배틀그라운드 하나로 억 대박,1.0
엔씨소프트,2019-07-03,오후 시면 꺼지고 커피 마시는 시간은 근무서 빼고,1.0
엔씨소프트,2019-07-04,한 중 해빙무드에 사드 피해주 화려한 복귀 예약,1.0
엔씨소프트,2019-07-05,무역전쟁에 겁먹은 개미 빚내서 주식투자 확 줄였다,1.0
엔씨소프트,2019-07-08,변동성 장세 두산 등 배 미만 지주사 주목,1.0
엔씨소프트,2019-07-09,전문기자칼럼 한국게임 등으로 밀려나지 않으려면,1.0
엔씨소프트,2019-07-10,김택진 엔씨소프트 대표 억 전년보다 배,1.0
엔씨소프트,2019-07-11,국내 연봉킹 은 전문경영인 권오현 삼성전자 회장 억원,1.0
엔씨소프트,2019-07-12,방향성 예측 힘들면 실적주가 답 삼성그룹 주 노릴만,1.0
엔씨소프트,2019-07-15,스타트업 혁신 생태계 조성 코스포 출범식 개최,1.0
엔씨소프트,2019-07-16,몸값 치솟는 인재 기업들 인원 제한없이 뽑아요,1.0
엔씨소프트,2019-07-17,조 국내 캐릭터 시장 진출 신호탄,1.0
엔씨소프트,2019-07-18,평창 패럴림픽 픽토그램 디자인한 함영훈 스튜디오 니모닉 대표,1.0
엔씨소프트,2019-07-19,사회악 낙인에 해외서 승부수 고용 효자 로 돌아온 게임산업,1.0
엔씨소프트,2019-07-23,아이폰 화웨이 자체 자국 칩 조달땐 한국 서든데스 올수도,1.0
엔씨소프트,2019-07-24,세계 휩쓰는 게임 작년 수출 조원 육박,1.0
엔씨소프트,2019-07-25,월 거래액 조 돌파 카카오페이 강 판 흔든다,1.0
엔씨소프트,2019-07-29,일자리 창출의 정석 게임업계를 보라,1.0
엔씨소프트,2019-07-30,트래픽 깡패 유튜브 망사용료 무임승차에 업계 부글부글,1.0
엔씨소프트,2019-07-31,방방형제 게임 엔터 콘텐츠 제국 꿈꾼다,1.0
엔씨소프트,2019-08-02,미래 성장동력 산업계 열풍,2.0
엔씨소프트,2019-08-01,분기 실적전망 어닝시즌 개막 안갯속 증시에도 랠리 이어진다,2.0
엔씨소프트,2019-08-05,방탄소년단이 넷마블 게임 주인공으로,1.0
엔씨소프트,2019-08-06,무역갈등 중국소비 오히려 호재,1.0
엔씨소프트,2019-08-07,아이돌 품은 게임 기대감 솔솔,1.0
엔씨소프트,2019-08-08,클라우드업계 게임사 공략 잰걸음 아마존 아성 깬다,1.0
엔씨소프트,2019-08-12,게임 빅 쑥쑥 크는데 플랫폼 양대산맥 주춤,1.0
엔씨소프트,2019-08-13,억 벌어오는 카카오 라 전무 또 특진하겠네,1.0
엔씨소프트,2019-08-14,라이징스타 코어사이트 게임 이용자가 원하는 모든 것을 알고 있다,1.0
엔씨소프트,2019-08-16,산업 김택진 작년 소득 억원 게임업계 연봉킹,1.0
엔씨소프트,2019-08-19,부터 방탄까지 게임사 새길찾기 분주,1.0
엔씨소프트,2019-08-20,장 마감 후 공시 월 일,1.0
엔씨소프트,2019-08-21,유령 못 거른 시스템이 문제인데 공매도 폐지 주장 뜬금없다,1.0
엔씨소프트,2019-08-22,공매도 논란확산 삼성 유령주식 무차입거래 가능성에 폭발한 개미들,1.0
엔씨소프트,2019-08-23,월엔 야구 월엔 축구 월드컵 빅이벤트 따라 관련 게임 인기,1.0
엔씨소프트,2019-08-26,서울시 차산업기술 체험 청소년 모집,1.0
엔씨소프트,2019-08-27,중 고생 명 실리콘밸리 차 산업현장 간다,1.0
엔씨소프트,2019-08-28,엔씨소프트 콘솔 캐주얼게임 전략 베팅,1.0
엔씨소프트,2019-08-29,엔씨는 왜 비게임 카톡 이모티콘을 출시했을까,1.0
엔씨소프트,2019-08-30,게임한류 강풍 통신 컴퓨터 수지 사상 최고,1.0
엔씨소프트,2019-09-02,인터넷 게임업체 이공계 대세,1.0
엔씨소프트,2019-09-03,사람과 디지털 캐릭터가 친구되는 게임 선뵐것,1.0
엔씨소프트,2019-09-04,주 시간 근무 업계 묘수는 탄력근무,1.0
엔씨소프트,2019-09-05,사설 잘나가는 게임산업 훼방만 놓지 마라,1.0
엔씨소프트,2019-09-06,개미 등 터진 삼성증권 배당사고 공매도 폐지론 재가열,1.0
엔씨소프트,2019-09-09,경기일정은 기본 추천영상까지 프로야구 콘텐츠에 접목하니,1.0
엔씨소프트,2019-09-10,분기 게임대작 쏟아진다 빅매치 예고,1.0
엔씨소프트,2019-09-11,게임업계 빅 연간 매출 조 시대 여나,1.0
엔씨소프트,2019-09-16,펄어비스 월 넥슨 넷마블 제쳤다 개 게임 합쳐도 검은사막이 우위,1.0
엔씨소프트,2019-09-19,공정위 구글 앱마켓 불공정행위 조사,1.0
엔씨소프트,2019-09-20,넷마블 엔씨 종합엔터사 변신중,1.0
엔씨소프트,2019-09-23,엔씨문화재단 로힝야 난민촌 학생들과 현지 간담회,1.0
엔씨소프트,2019-09-24,엔씨문화재단 방글라데시 난민촌 학생 지원,1.0
엔씨소프트,2019-09-25,실적 추락에 털썩 주저앉은 게임,1.0
엔씨소프트,2019-09-26,분기 실적시즌 목표가 하향 보고서 쏟아진다,1.0
엔씨소프트,2019-09-27,실적 시즌 맞은 증시 주가 희비 쌍곡선,1.0
엔씨소프트,2019-09-30,강대현 넥슨 인텔리전스랩스장 게임 인재 무제한 채용 보장 받았죠,1.0
엔씨소프트,2019-10-01,엔씨소프트 신규 캐릭터 브랜드 스푼즈 공개,1.0
엔씨소프트,2019-10-02,혹시 나도 범법자 일상 파고든 매크로,0.0
엔씨소프트,2019-10-04,월 이후 출시된 게임 매출 분석해보니,1.0
엔씨소프트,2019-10-07,네이버 구글 페북 미래 투자 앞서 지출 위,1.0
엔씨소프트,2019-10-08,부터 중국 취업까지 게임 이슈 총망라,1.0
엔씨소프트,2019-10-10,스타크 리니지 바람의 나라 의 장수 게임 비결은,1.0
엔씨소프트,2019-10-11,게임업계 빅 차별화 행보 눈길,1.0
엔씨소프트,2019-10-14,호실적에도 못 웃는 게임주 신작 출시 지연에 미끄럼,1.0
엔씨소프트,2019-10-15,근로시간 단축 준비 일하는 디테일이 바뀐다,1.0
엔씨소프트,2019-10-16,마켓인사이트 죽음의 계곡에서 블루홀 구한 투자금 배 결실,1.0
엔씨소프트,2019-10-17,클라우드 넥슨도 뚫었다 클라우드 업계 게임 시장 승부 치열,1.0
엔씨소프트,2019-10-18,넥슨 넷마블 엔씨 왕좌의 게임 시작됐다,1.0
엔씨소프트,2019-10-21,최대 게임 컨퍼런스 개막 시대 게임이 갈 길,2.0
엔씨소프트,2019-10-23,국내 최초 모바일게임 개발업체 컴투스 년 전 고점 뚫나,1.0
엔씨소프트,2019-10-24,매크로 악용 꼼짝마 게임업계 철통대응,1.0
엔씨소프트,2019-10-25,게임 인방 이준호 김택진 나성균의 남다른 친목,1.0
엔씨소프트,2019-10-28,이슈분석 근로시간 단축 게임 출시 직전 일 몰려 연장근로 불가피,1.0
엔씨소프트,2019-10-29,넥슨 게임 원정대 빅데이터 보물열쇠 찾기,1.0
엔씨소프트,2019-10-30,이익증가율 비해 주가 더디게 상승 한국주식 싸다,1.0
엔씨소프트,2019-10-31,증권사 리서치센터장 추천종목 수익률 보니,1.0
엔씨소프트,2019-11-01,코스닥 게임주 열기 코스피 이탈 투심까지 빨아들인다,2.0
엔씨소프트,2019-11-04,넥슨 개발자 컨퍼런스 개최 게임 지식 공유,1.0
엔씨소프트,2019-11-05,오웬 마호니 넥슨 대표 창의성이 원동력 남 쫓지 말라,1.0
엔씨소프트,2019-11-06,장난 아닌데 예술이 된 장난감,1.0
엔씨소프트,2019-11-07,냉랭한 외국인 확실한 것만 담는다,1.0
엔씨소프트,2019-11-08,게임 망치는 재화 버그 중 감시망으로 차단,1.0
엔씨소프트,2019-11-11,엔씨소프트 아이온 생존을 위한 천족과 마족 간의 끊임없는 사투,1.0
엔씨소프트,2019-11-12,이정헌 넥슨 대표 다양성 앞세워 글로벌 만들 것,1.0
엔씨소프트,2019-11-13,흉기 자백 없는 살인 은 사형을 요구했다,1.0
엔씨소프트,2019-11-14,한국게임 보릿고개 넘는 중 엔씨 넷마블 하락 펄어비스 상승,1.0
엔씨소프트,2019-11-15,넷마블도 합류 업계 총수 명 된다,2.0
엔씨소프트,2019-11-18,게임업계 영역확대 무한게임 블록체인 엔터까지 질주,1.0
엔씨소프트,2019-11-19,채용업체 소개,1.0
엔씨소프트,2019-11-20,귀로 듣는 게임 엔씨 지치지 않는 만화사랑,1.0
엔씨소프트,2019-11-21,넷마블 분기 고전 월 신작 대반격,1.0
엔씨소프트,2019-11-22,규제 풀고 인프라 늘리고 대기업 모시는 지자체들,1.0
엔씨소프트,2019-11-25,엔씨문화재단 아부다비 스페셜올림픽 한국 대표팀 후원,1.0
엔씨소프트,2019-11-26,드라마속 실장님 요즘은 게임 개발자,1.0
엔씨소프트,2019-11-27,기존게임 흥행 하향곡선에 신작에 목마른 게임주,0.0
엔씨소프트,2019-11-28,모바일용 배틀그라운드 사전예약 만명,1.0
엔씨소프트,2019-11-29,중기 세계로 날다 아트토이 세계로 수출한다,1.0
엔씨소프트,2019-12-02,카카오게임즈 코스닥 상장예심 게임 빅 체제 뒤바꿀지 주목,1.0
엔씨소프트,2019-12-03,가치주펀드의 변신 게임 엔터주 담는다,1.0
엔씨소프트,2019-12-04,황준혁 펀드매니저 사드피해 해소 코스닥 육성책 수혜 주목,2.0
엔씨소프트,2019-12-05,주 시간 틀에 갇힌 위 네이버 여전히 혼란,1.0
엔씨소프트,2019-12-06,증권사 추천 상품 서비스 삼성증권 코리아 디스카운트 해소 대형주 장세 기대감,2.0
엔씨소프트,2019-12-09,엔씨 리니지 새 서버 그림리퍼 오픈,1.0
엔씨소프트,2019-12-10,서울포럼 참석해주신 분들,1.0
엔씨소프트,2019-12-11,리니지 효과 엔씨 영업익 % 종합,1.0
엔씨소프트,2019-12-12,넥슨 사상 최대 실적 엔씨 영업 %,1.0
엔씨소프트,2019-12-13,좋다만 엔씨소프트 어닝 서프라이즈에도 주가 하락한 이유는,1.0
엔씨소프트,2019-12-16,가 가른 의 분기 성적표,1.0
엔씨소프트,2019-12-17,게임업계 분기 실적 신기록 행진,1.0
엔씨소프트,2019-12-19,리니지 던파의 힘 게임 빅 첫 스타트 굿,1.0
엔씨소프트,2019-12-20,넥슨 사상최대 매출 년만에 위 탈환,1.0
엔씨소프트,2019-12-23,과거 실적보다 전망에 희비,1.0
엔씨소프트,2019-12-24,장중 기업공시 월 일,1.0
엔씨소프트,2019-12-26,폭풍성장 엔씨,1.0
엔씨소프트,2019-12-27,게임 빅 매출경쟁 분기 넥슨이 먼저 웃었다,1.0
엔씨소프트,2019-12-30,게임 빅 울리고 웃긴 중국 분기 실적 희비교차,1.0
엔씨소프트,2020-01-02,게임대장 엔씨소프트 신작 목마름에 주가도 가뭄,1.0
엔씨소프트,2020-01-03,손잡은 넷마블 엔씨 형 만한 아우 블소로 흥행 탄 쏜다,2.0
엔씨소프트,2020-01-06,스포츠 마케팅 엔씨소프트 창원 지역사회와 함께 크는 다이노스,1.0
엔씨소프트,2020-01-07,게임 내년 연매출 조 넘어설까,1.0
엔씨소프트,2020-01-08,게임 빅 이번주 핫한 마케팅 전쟁,1.0
엔씨소프트,2020-01-09,하반기엔 중소형 게임주 주목,1.0
엔씨소프트,2020-01-10,알림 클린 청소년 콘서트 에 초대합니다,1.0
엔씨소프트,2020-01-13,엔씨 리니지 독립 선언 모바일 중심 기업으로,1.0
엔씨소프트,2020-01-14,김택진 리니지 글로벌 무대로,1.0
엔씨소프트,2020-01-15,김택진 리니지 글로벌 로 재탄생,1.0
엔씨소프트,2020-01-16,첫 돌 맞은 리니지 스무 살 리니지 와 결별 선언,1.0
엔씨소프트,2020-01-17,김택진 리니지 글로벌 독자 로 키운다,1.0
엔씨소프트,2020-01-20,김택진 올 뉴 리지니 앞세워 글로벌 도전 시작,1.0
엔씨소프트,2020-01-21,리니지 년 새 도전 시작 글로벌 지적재산권 키우겠다,1.0
엔씨소프트,2020-01-22,한승헌 한겨레 탄생은 기적 정세균 내일 비추는 언론 되길,1.0
엔씨소프트,2020-01-23,리니지 주년 새로운 글로벌 로 키운다,1.0
엔씨소프트,2020-01-28,버전 벗어난 올 뉴 리니지 으로 글로벌시장 공략,1.0
엔씨소프트,2020-01-29,넥슨 모바일 카이저 내달 일 출시,1.0
엔씨소프트,2020-01-30,넥슨 카이저 내달 일 출시,1.0
엔씨소프트,2020-01-31,년 간 최정예 개발자 명 투입 넥슨 야심작 카이저 내달 일 출격,1.0
엔씨소프트,2020-02-03,리니지 나와 넥슨 넷마블 도전장 배틀그라운드 합세,1.0
엔씨소프트,2020-02-04,미래기업포커스 스캐터랩 지시가 아닌 대화하는 관계형 로,1.0
엔씨소프트,2020-02-06,게임 중국 막혀도 장사 잘했다 콘텐츠 수출 % 압도,1.0
엔씨소프트,2020-02-07,단독 로펌들 스타트업 찾아 판교 상륙,1.0
엔씨소프트,2020-02-10,태평양 국내 대형로펌 첫 판교에 정식 사무소 열어,0.0
엔씨소프트,2020-02-11,배그 첫날부터 돌풍 기대작 피파 도 출격,1.0
엔씨소프트,2020-02-12,분야 지원하려면 코딩테스트부터 넘어야,1.0
엔씨소프트,2020-02-13,엔씨소프트 펄어비스 외국인 게임 삼매경,0.0
엔씨소프트,2020-02-14,양평 살인사건 피고인 무기징역,2.0
엔씨소프트,2020-02-17,게임 맞수 열전 대 거래 도입한 카이저 왕좌 굳히기 나선 리니지,1.0
엔씨소프트,2020-02-18,글로벌 게임시장 상위 개사 % 점령 텐센트 년째 위,1.0
엔씨소프트,2020-02-19,윤송이 살해범 심 무기징역,2.0
엔씨소프트,2020-02-20,고성능 채굴기 만들어 블록체인 활성화 기여,1.0
엔씨소프트,2020-02-21,제 의 모바일 게임 대박 우리가 주인공 도전장 던진 대작 게임들,1.0
엔씨소프트,2020-02-24,배틀그라운드 모바일 버전 돌풍 출시 하루 만에 만 다운로드,1.0
엔씨소프트,2020-02-25,토종게임 던파 대륙 홀렸다 조 대박,1.0
엔씨소프트,2020-02-26,한국판 원피스로 육성 애니메이션도 제작,1.0
엔씨소프트,2020-02-27,리니지 검은사막 배그 게임서 검증된 모바일서도 통했다,1.0
엔씨소프트,2020-02-28,라이징스타 밍글콘 남미 영어교육 시장 진출,1.0
엔씨소프트,2020-03-02,커크 콜렌브랜더 부총장 겁없는 도전에 억 투자 제 의 스페이스 키운다,1.0
엔씨소프트,2020-03-03,하루 최대 매출 억 리니지 무한도전,1.0
엔씨소프트,2020-03-04,잘 키운 캐릭터 효자노릇 톡톡,2.0
엔씨소프트,2020-03-05,통신에 가전 게임분야까지 뜨거운 인재 확보 전쟁,1.0
엔씨소프트,2020-03-06,새 캐릭터 브랜드 스푼즈 종 아트토이컬처서 관람객 사로잡아,1.0
엔씨소프트,2020-03-09,보다 먼저 게임 에서 조용한 흥행,1.0
엔씨소프트,2020-03-10,자율규제가 답이다 하 확률형아이템 입법은 소규모 개발사에 재앙,1.0
엔씨소프트,2020-03-11,멈추지 않는 혁신 체인저 글로벌 게임업계 메이저 노린다,1.0
엔씨소프트,2020-03-12,명가재건 문지수 네오위즈 대표 우리 키우겠다,0.0
엔씨소프트,2020-03-13,문지수 네오위즈 대표 올 게임명가 재건 원년 될 것,1.0
엔씨소프트,2020-03-16,문지수 네오위즈 대표 강화와 속도전이 과제 웹보드 매출 늘 것,0.0
엔씨소프트,2020-03-17,원작 넘어 글로벌 로 리니지 만의 신세계 열린다,0.0
엔씨소프트,2020-03-18,웹젠 뮤 오리진 올드팬 업고 흥행 가도 갈까,1.0
엔씨소프트,2020-03-19,개인 공매도 문턱 낮추고 기관은 옥죈다,0.0
엔씨소프트,2020-03-20,잇단 대작 위협에 리니지 형제 대규모 업데이트,2.0
엔씨소프트,2020-03-23,인터넷 게임 대형주 날개 없는 추락,1.0
엔씨소프트,2020-03-24,월 일 상위권 공성전이 시작된다,2.0
엔씨소프트,2020-03-25,부터 물류 패션업계까지 여명 쫑긋,1.0
엔씨소프트,2020-03-26,게임 신작 이슈 통했다,0.0
엔씨소프트,2020-03-27,이슈 한 달 남은 주 시간 근로 대기업 대응책 마련 분주,1.0
엔씨소프트,2020-03-30,줌인 억원 기부 약속 김정주 넥슨 창업주,1.0
엔씨소프트,2020-03-31,컴투스 단독질주 사상 최고가 코앞,2.0
엔씨소프트,2020-04-01,자녀 승계 없다 새모델 만드는 벤처 세대,0.0
엔씨소프트,2020-04-02,넥슨 모바일 게임 히트 만든 넷게임즈 인수,2.0
엔씨소프트,2020-04-03,하루 시간 내 근무시간 내가 확산,1.0
엔씨소프트,2020-04-06,대형로펌 판교 성수 러시 스타트업 둥지서 미리 스킨십,2.0
엔씨소프트,2020-04-07,디지털프리즘 방탄소년단과 배틀그라운드,1.0
엔씨소프트,2020-04-08,한국계 실리콘밸리 신화 김동신 센드버드 대표,1.0
엔씨소프트,2020-04-09,네이버 선택 근로시간제 전격 도입,1.0
엔씨소프트,2020-04-10,옐로모바일 개월 만에 이경훈 새 선임,1.0
엔씨소프트,2020-04-13,전문가 포럼 새로운 시대를 코딩 하는 자들,1.0
엔씨소프트,2020-04-14,확 끌어당기는 몰입감 콘솔게임에 푹 빠지다,1.0
엔씨소프트,2020-04-16,게임 수출 올해 첫 억달러 넘는다,1.0
엔씨소프트,2020-04-17,삼성 도 대리 과장 없앤다,1.0
엔씨소프트,2020-04-20,휴가철 앞둔 대 을 훔쳐라,1.0
엔씨소프트,2020-04-21,목표는 위 뮤오리진 카이저 치열한 자리싸움,1.0
엔씨소프트,2020-04-22,돈 쓸 때는 정승처럼 사회공헌 나선 게임,2.0
엔씨소프트,2020-04-23,기자수첩 게임 인터넷기업의 장수비결,1.0
엔씨소프트,2020-04-24,대만 초고속 인터넷 리니지 가 깔았죠,1.0
엔씨소프트,2020-04-27,구글플레이 거래액 조 억 돌파 이유는,0.0
엔씨소프트,2020-04-28,카이저 로스트아크 뮤 오리진 성인층 공략나선 게임업체들,1.0
엔씨소프트,2020-04-29,국내 모바일 게임 시장 장악,1.0
엔씨소프트,2020-05-04,국내 대 기업 중 곳 물갈이 삼성전자 부동의 위,1.0
엔씨소프트,2020-05-06,특화 막강 라인업 이택경 사람들 혁신벤처요람,1.0
엔씨소프트,2020-05-07,게임위 아이템거래 청불 근거 명시한다,1.0
엔씨소프트,2020-05-08,직장인들 연차 평균 일 사용 명 중 명은 휴가 다 못 썼다,2.0
엔씨소프트,2020-05-11,엔씨소프트 호텔신라 신세계 불안한 장세엔 실적 가 대안,1.0
엔씨소프트,2020-05-12,엔씨문화재단 장애 편견 깨는 어린이 그림책 동구관찰 출간,2.0
엔씨소프트,2020-05-13,한 살 리니지 조 억 벌었다,0.0
엔씨소프트,2020-05-14,체질 개선 엔씨소프트 일등공신은 리니지,2.0
엔씨소프트,2020-05-15,방준혁 넷마블 의장이 제시한 디지털시대 생존법,1.0
엔씨소프트,2020-05-18,엔씨소프트 스푼즈 롯데컬처웍스와 브랜드 제휴 체결,1.0
엔씨소프트,2020-05-19,엔씨소프트 캐릭터 스푼즈 롯데시네마에서 만난다,1.0
엔씨소프트,2020-05-20,게임 캐릭터들 홍대앞 매장 총출동,1.0
엔씨소프트,2020-05-21,현대 오뚜기 금리인상기 현금왕 주목,2.0
엔씨소프트,2020-05-22,게임업계 여름방학 특수 잡아라,1.0
엔씨소프트,2020-05-25,엔씨소프트 스푼즈 로 게임 넘어 캐릭터사업 박차,1.0
엔씨소프트,2020-05-26,업종 덮친 실적 먹구름 분기 영업익 조 삼켰다,1.0
엔씨소프트,2020-05-27,년간 기록 쓴 리니지 흥행 이벤트 쏟아낸다,1.0
엔씨소프트,2020-05-28,대만 인터넷은 리니지와 함께 발전,1.0
엔씨소프트,2020-05-29,박성욱 하이닉스 부회장 경영평가 위,1.0
엔씨소프트,2020-06-01,원조 모바일 명가 자존심 회복 블레이드 출시,2.0
엔씨소프트,2020-06-02,주 시간 끝없는 논란 업계 보완책 환영 범위 더 넓혀야,1.0
엔씨소프트,2020-06-03,신작 출시전에 사두자 엔씨 조 순매수,1.0
엔씨소프트,2020-06-04,엔씨 캐릭터 브랜드 스푼즈 이모티콘 디저트 등 속으로,1.0
엔씨소프트,2020-06-05,반등조짐 보이는 게임 바닥 찍었나,1.0
엔씨소프트,2020-06-08,게임 수출 건 게임 수출 건,1.0
엔씨소프트,2020-06-10,리포트 시간 근로제 이틀 앞으로 당신의 직장은,1.0
엔씨소프트,2020-06-09,마이 라이프 게임 개발 몰두했던 이단아 블록체인 혁명 꿈꾸다,1.0
엔씨소프트,2020-06-11,무역전쟁 일촉즉발 코스피 박스권 흐름 예상 당분간 리스크 관리 필요,1.0
엔씨소프트,2020-06-12,뉴스 노동시간 생산성 두마리 토끼 잡기 문제는,1.0
엔씨소프트,2020-06-15,개미 상반기 조 사고 기관 조 팔았다,1.0
엔씨소프트,2020-06-16,엔씨소프트 시각특수효과 기업에 억원 투자,2.0
엔씨소프트,2020-06-17,리니지 애니메이션 나오나 엔씨 설국열차 그래픽 투자,1.0
엔씨소프트,2020-06-18,엔씨소프트 시각특수효과 기업에 억 투자,0.0
엔씨소프트,2020-06-19,엔씨 월중 신촌 강남에 채용 상담카페 연다,2.0
엔씨소프트,2020-06-22,엔씨 전문기업 포스크리에이티브파티 에 억원 투자,2.0
엔씨소프트,2020-06-23,영화 뮤지컬까지 게임의 무한 변신,2.0
엔씨소프트,2020-06-24,주 시간 근로 여파 갈등 증폭 %,1.0
엔씨소프트,2020-06-25,젊은 여자수학자상 에 이영애 김미란,0.0
엔씨소프트,2020-06-26,주 시간 근무제 첫날 표정 사무직 아침먹고 출근 여유 생산현장은 속도 조절 목소리,1.0
엔씨소프트,2020-06-29,신작부재 속끓었던 게임 하반기 출격 시동,1.0
엔씨소프트,2020-06-30,엔씨 넷마블마저 게임업계 실적 전망 먹구름,1.0
엔씨소프트,2020-07-01,이코노 브리핑 엔씨 시각특수효과 기업에 억 투자 외,1.0
엔씨소프트,2020-07-02,간추린 뉴스 단신 엔씨소프트 옥자 만든 특수효과 에 억 투자,2.0
엔씨소프트,2020-07-03,업계 지재권 사업 공들인다,1.0
엔씨소프트,2020-07-06,엔씨 버프툰 리니지 과 콜라보레이션 웹툰 공개,2.0
엔씨소프트,2020-07-07,신작 게임 흥행공식 사전예약 만 넘겨야 대박,0.0
엔씨소프트,2020-07-08,앱 수수료 %만 받겠다 토종 앱장터 구글 애플에 도전장,1.0
엔씨소프트,2020-07-09,심판 아닌 선수로 뛰는 국민연금 기업들 경영 발목 잡을것,1.0
엔씨소프트,2020-07-10,연봉 톱 중 명이 오너 은 모두 전문경영인 올라,1.0
엔씨소프트,2020-07-13,대기업 연봉 톱 중 명이 오너,1.0
엔씨소프트,2020-07-14,한국 대기업 연봉 톱 중 명 오너,1.0
엔씨소프트,2020-07-15,해외 인플루언스 논란 한국도 이어질까,1.0
엔씨소프트,2020-07-16,새 먹거리 찾는 엔터 사랑 계속된다,0.0
엔씨소프트,2020-07-17,안갯속 증시 분기 어닝시즌 모멘텀 될까,1.0
엔씨소프트,2020-07-20,코스피 장중 터치 거래량 적어 살얼음판,1.0
엔씨소프트,2020-07-21,이슈분석 게임업계 분기 성적표 들여다보니,1.0
엔씨소프트,2020-07-22,외국인들 월 약세장서 부품 인터넷 쇼핑,1.0
엔씨소프트,2020-07-23,구글플레이 매출 위 리니지 상반기 억원,0.0
엔씨소프트,2020-07-24,리니지 힘으로 구글플레이 작년보다 매출 % 상승,1.0
엔씨소프트,2020-07-27,우울한 조정장서도 웃는 미디어 엔터 게임 놀자,1.0
엔씨소프트,2020-07-28,무역분쟁 완화 조짐에 귀환 커지는 추가상승 기대감,1.0
엔씨소프트,2020-07-29,사모은 반도체 은행 어닝시즌 이끈다,1.0
엔씨소프트,2020-07-30,블소 토너먼트 코리아 시즌 본선 관람 티켓 일 판매,1.0
엔씨소프트,2020-07-31,네이버 클라우드 플랫폼 헬스케어로 시장 확장,1.0
엔씨소프트,2020-08-03,외인 월 코스피서 개월만에 사자 돌아설까,2.0
엔씨소프트,2020-08-04,금요일 회사문 닫고 출근도 알아서 게임사 근무도 창의적으로,1.0
엔씨소프트,2020-08-05,캐릭터가 성장동력 게임업계는 경쟁중,1.0
엔씨소프트,2020-08-06,주간 인턴십 거쳐 두차례 평가 둘 중 하나는 탈락 무한경쟁이죠,1.0
엔씨소프트,2020-08-07,구글 앱마켓 독점 횡포 공정위는 뭐하나,1.0
엔씨소프트,2020-08-10,한국게임 판로 막은채 왕서방 게임 헐값쇼핑,1.0
엔씨소프트,2020-08-11,게임 종 일 코스피 상장,1.0
엔씨소프트,2020-08-12,매경춘추 위기에서 배운 혁신성장,1.0
엔씨소프트,2020-08-13,수익성 % 셀트리온 하이닉스 넘나,2.0
엔씨소프트,2020-08-14,중국대신 대만으로 모바일게임 활약,1.0
엔씨소프트,2020-08-18,나와라 국내업체 도전장,0.0
엔씨소프트,2020-08-19,반도체 뺀 담은 만 살아남았다,1.0
엔씨소프트,2020-08-20,주요 게임사들 게이머 성별 혐오에 죽을 맛,0.0
엔씨소프트,2020-08-21,금융 앱 토스 기업가치 조원 눈앞 유니콘 진입 초읽기,2.0
엔씨소프트,2020-08-24,게임 안방 문 잠그고 한국 침투,1.0
엔씨소프트,2020-08-25,게임해서 뭐하냐구요 저 국대로 올림픽 가요,1.0
엔씨소프트,2020-08-26,국내 최대 산업 박람회 소프트웨이브 월 일 개최,1.0
엔씨소프트,2020-08-27,이해진 김범수 김정주 재조명 받는 인터넷벤처 세대,2.0
엔씨소프트,2020-08-28,리니지 블레이드 소울 엔씨의 파워 커진다,1.0
엔씨소프트,2020-08-31,원스토어 파격할인에도 게임 구글 무서워,0.0
엔씨소프트,2020-09-01,린저씨들 모바일 게임에 한 달 만원 쓴다,1.0
엔씨소프트,2020-09-02,디지털프리즘 화웨이 포비아,1.0
엔씨소프트,2020-09-03,좀비같은 짝퉁게임 사그라들까,1.0
엔씨소프트,2020-09-04,와 게임은 어떤 미래를 만들까 일 대규모 토크쇼 열린다,1.0
엔씨소프트,2020-09-07,게임 흥행작 이카루스 모바일서도 대박 이어간다,1.0
엔씨소프트,2020-09-08,블소 토너먼트 코리아 시즌 내일부터 상암서 결선 개최,1.0
엔씨소프트,2020-09-09,기다렸다 신작 게임주 반등 기지개,1.0
엔씨소프트,2020-09-10,신작 없는 게임주 주가 부진 탈출 역부족,2.0
엔씨소프트,2020-09-11,공정위 표준약관 개월만에 반영한 빅 게임사,1.0
엔씨소프트,2020-09-14,년간 명이 밤낮으로 개발 대작게임 탄생의 역사,1.0
엔씨소프트,2020-09-15,디자인 전공자 소설가 지망생 인재 대접,1.0
엔씨소프트,2020-09-16,원스토어 수수료 파격인하 카드도 안 먹히네,1.0
엔씨소프트,2020-09-17,또 인간을 넘어서다 도타 대결 승,1.0
엔씨소프트,2020-09-18,소프트웨이브 개막 혁신 성장 주도할 는 여기서,1.0
엔씨소프트,2020-09-21,소프트웨이브 는 게임제작을 어떻게 바꿀까,1.0
엔씨소프트,2020-09-22,는 단순노동 보완 편리한 도구 게임개발 새판 열것,1.0
엔씨소프트,2020-09-24,탈구글 선언 포트나이트 게임업계 관심 집중,1.0
엔씨소프트,2020-09-23,판호에 막힌 게임 합작으로 우회 진출,1.0
엔씨소프트,2020-09-25,포럼 구글 모바일 지배 보고만 있을 텐가,1.0
엔씨소프트,2020-09-28,구글 수수료 너무 비싸 구글 에픽게임즈의 반란,1.0
엔씨소프트,2020-09-29,기고 불황을 보는 시각 바꿔야,1.0
엔씨소프트,2020-10-05,이재홍 신임 게임위 위원장 온라인게임 결제한도 상향 시사 정부와 협조해 합리적 규제,1.0
엔씨소프트,2020-10-06,게임업체 구글 왜,1.0
엔씨소프트,2020-10-07,게임토크 엔씨소프트 게임에 적용 가능한 강화학습 개발 집중,1.0
엔씨소프트,2020-10-08,소프트웨이브 게임 토크,1.0
엔씨소프트,2020-10-12,새싹 스타트업 발굴 로펌들 판교에 속속 둥지,1.0
엔씨소프트,2020-10-13,신작출시 지연에 힘빠진 게임,1.0
엔씨소프트,2020-10-14,주 시간 역풍 에 신작 지연 넷마블 상장 후 최저가로 추락,1.0
엔씨소프트,2020-10-15,글로벌 온라인게임 한국서 격전 국산게임에 훈풍,1.0
엔씨소프트,2020-10-16,만리장성에 막힌 게임 한류 대만 일본 북미 상륙작전,1.0
엔씨소프트,2020-10-19,게임업체 부진 속 돋보이는 펄어비스 호실적 주가도 탄력받나,1.0
엔씨소프트,2020-10-20,블레이드앤소울 창세기전 마비노기 인기 게임들 모바일로 컴백,1.0
엔씨소프트,2020-10-21,반환점 돈 실적 시즌 성과 나오니 주가도,1.0
엔씨소프트,2020-10-22,구글플레이 월 거래액 억 최고치 리니지 효과,1.0
엔씨소프트,2020-10-23,엔씨소프트 리니지 타고 영업익 배,1.0
엔씨소프트,2020-10-26,엔씨소프트 내년 상반기 대작 종 출격 월 정식공개,1.0
엔씨소프트,2020-10-27,엔씨 내년 신작게임 잇달아 쏟아낸다,1.0
엔씨소프트,2020-10-28,유안타 순이익 % 증가한 억원,1.0
엔씨소프트,2020-10-29,스톡옵션 대박 박신정 억 보수킹 총수 위 조양호,1.0
엔씨소프트,2020-10-30,분기 숨고른 게임 빅 하반기 신작 진검승부,0.0
엔씨소프트,2020-11-02,카뱅 리포트 대니얼 이거 어때요 막내직원도 대표와 아이디어 놓고 끝장토론,1.0
엔씨소프트,2020-11-03,엔씨 영업익 억 호실적 넷마블 넥슨 주춤,1.0
엔씨소프트,2020-11-04,엔씨소프트 신작 종 지스타 맞춰 공개 대표 총 출동,2.0
엔씨소프트,2020-11-05,박신정 더블유게임즈 부사장 억 코스닥 위,1.0
엔씨소프트,2020-11-06,경제계 인사 하이닉스 대외협력총괄 김동섭씨,1.0
엔씨소프트,2020-11-09,필두 국내 게임업계 실적 주춤 펄어비스 빛나,1.0
엔씨소프트,2020-11-10,성장 우리가 이끈다 네오플 넥슨 엔씨 조 클럽 진입,0.0
엔씨소프트,2020-11-11,삼성전자 엔씨소프트 맞손 갤노트 흥행 날개 달까,1.0
엔씨소프트,2020-11-12,상반기 나 홀로 어닝 서프라이즈 기업들,1.0
엔씨소프트,2020-11-13,고용 효자 게임업계 상반기 채용 % 늘렸다,1.0
엔씨소프트,2020-11-16,정부 중복규제 탓 에 완전히 밀리는 게임종주국 코리아,1.0
엔씨소프트,2020-11-17,몸값 높아지는 기업 투토키 억 규모 성공,1.0
엔씨소프트,2020-11-18,경제계 인사 썸에이지 새 대표이사 박홍서,1.0
엔씨소프트,2020-11-19,산업 스타트업 투자 나선 중견 게임사들,2.0
엔씨소프트,2020-11-20,엔씨 블소 월드 챔피언십 내달 일 개막,1.0
엔씨소프트,2020-11-23,게임업계 저녁은 있는데 내일 먹구름이 걱정된다,1.0
엔씨소프트,2020-11-24,현대엔지니어링 알파돔시티 오피스텔 분양,1.0
엔씨소프트,2020-11-25,주 시간 충격 엔씨소프트 주가 기우뚱,1.0
엔씨소프트,2020-11-26,시장 정부 전방위 압박 구글 게임독점 균열 조짐,1.0
엔씨소프트,2020-11-27,사설 게임업계 구글 천하에서 벗어나야,1.0
엔씨소프트,2020-11-30,안팎에서 규제 발목 잡힌 국내 게임사,1.0
엔씨소프트,2020-12-01,태풍 솔릭 목포 인근 상륙 출근시간대 수도권 할퀼 듯,2.0
엔씨소프트,2020-12-02,게임 캐릭터 세상 속으로,1.0
엔씨소프트,2020-12-03,수수료 % 떼여도 게임사들 구글에 찍히면 게임 끝,1.0
엔씨소프트,2020-12-04,구글 갑질 잡겠다지만 이미 기울어진 운동장,1.0
엔씨소프트,2020-12-07,국제대회 잇단 개최 게임업 훈풍 부나,1.0
엔씨소프트,2020-12-08,인 스마트폰 시대 가입자 만명 돌파,1.0
엔씨소프트,2020-12-09,코딩 교육 낙오자 가 찾아줍니다,1.0
엔씨소프트,2020-12-10,구글 애플 플랫폼서 탈출 디지털 콘텐츠 의 반란,1.0
엔씨소프트,2020-12-11,공정위 구글 갑질 감시 게임업계 탈 구글 나설까,1.0
엔씨소프트,2020-12-14,스타 프로게이머 뭉쳤다 스포츠 원팀 코리아 자카르타 금빛사냥,1.0
엔씨소프트,2020-12-15,한국 년 연속 블소 왕좌서 미소 지을까,1.0
엔씨소프트,2020-12-16,수수료 갑질 못참아 구글 애플에 반기 들다,1.0
엔씨소프트,2020-12-17,엔씨소프트 자사 스푼즈 알리기 나선다,1.0
엔씨소프트,2020-12-21,코스피 년만에 최장 상승 반등 기대 호텔신라 한국항공우주 담아볼까,1.0
엔씨소프트,2020-12-22,리포트 국내 말 못하는 외국계는 가능한 이유,1.0
엔씨소프트,2020-12-23,여성 인재 이끈다 웰컴즈걸즈 토크콘서트 내달 일 코엑스서 열려,1.0
엔씨소프트,2020-12-24,현대엔지니어링 판교 알파돔시티 오피스텔 등 월 분양,1.0
엔씨소프트,2020-12-28,데스크가 만났습니다 김영준 한국콘텐츠진흥원 원장,1.0
엔씨소프트,2020-12-29,한국공동관 차이나조이 게임스컴서 상담금액 억 달러 달성,1.0
엔씨소프트,2020-12-30,성남 게임월드 페스티벌 인터뷰 장병화 성남산업진흥원장,1.0
엔씨소프트,2021-01-04,주식부호 명중 명 자수성가형,2.0
엔씨소프트,2021-01-05,넥슨 넷마블 엔씨 청년 게임인재 찾습니다,1.0
엔씨소프트,2021-01-06,넥슨 넷마블 엔씨 게임사도 채용 러시,0.0
엔씨소프트,2021-01-07,크런치모드 바꿔라 넥슨에 첫 노조 성장 갈림길 선 게임산업,1.0
엔씨소프트,2021-01-08,게임사 하반기 공채 스타트,2.0
엔씨소프트,2021-01-11,게임주 빅 분기도 실적 먹구름,1.0
엔씨소프트,2021-01-12,시진핑의 게임통제 중국시장,0.0
엔씨소프트,2021-01-13,그들의 투자법 해외 파생 비상장 등 캐럿 다이아 천만원 경주마도,1.0
엔씨소프트,2021-01-14,리니지 검은사막 대신 대만서 선전 모바일매출 위 기록,1.0
엔씨소프트,2021-01-15,플랫폼 공룡에 맞서는 의 반란 구글 애플 가속화,1.0
엔씨소프트,2021-01-18,토종 앱장터 원스토어 매출 증가 구글 독점 깨지나,1.0
엔씨소프트,2021-01-19,앱 대신 웹 다운 없이 즐겜,1.0
엔씨소프트,2021-01-20,와 함께하니 야구 보는 눈이 높아졌어요,1.0
엔씨소프트,2021-01-21,미래 여성 인재 만남의 장 웰컴즈 걸즈 성료,1.0
엔씨소프트,2021-01-22,셀트리온 삼바 등 바이오 대거 진입 새로운 성장 이끌 혁신기업은 부족해,1.0
엔씨소프트,2021-01-25,게임 대만서 눈부신 성과 중국 대신할 전략적 시장 으로 급부상,1.0
엔씨소프트,2021-01-26,중견게임사도 미래 동력 찾아나서,0.0
엔씨소프트,2021-01-27,판교 아파트값 급등 서울 송파도 넘본다,1.0
엔씨소프트,2021-01-28,넷마블 바짝 추격하는 엔씨소프트 대장주 게임 승자는,1.0
엔씨소프트,2021-01-29,외인 기관 올들어 삼성전자 순매도,1.0
엔씨소프트,2021-02-01,게임 인터넷 경영진 국정감사 증인 채택 움직임,1.0
엔씨소프트,2021-02-02,미혼이면 기혼은 아파트 지원,2.0
엔씨소프트,2021-02-03,공유오피스로 돌아온 김기사 스타트업 키울 것,1.0
엔씨소프트,2021-02-04,분기 반도체 유통 뷰티 조선 화학 정유,0.0
엔씨소프트,2021-02-05,프리패스 아이템 가격 할인 게임업계 추석맞이 이벤트 풍성하네,1.0
엔씨소프트,2021-02-08,국내 게임사 실적부진 현실로 플랫폼 정책 등 체질변화 시급,2.0
엔씨소프트,2021-02-09,벤처 병역특례 폐지땐 제 엔씨소프트 카카오 못나와,0.0
엔씨소프트,2021-02-10,개발비만 억 로스트아크 승부수 띄웠다,1.0
엔씨소프트,2021-02-15,외국계 잔치판 된 국내 최대 게임쇼,1.0
엔씨소프트,2021-02-16,넷마블 대형 분기부터 매출 꺾인다,1.0
엔씨소프트,2021-02-17,삼성전자도 못이룬 대기록 등 곳 달성,1.0
엔씨소프트,2021-02-18,엔씨소프트 게임 예고에 주가 순항,1.0
엔씨소프트,2021-02-19,게임 기술 팝 엔씨 블소월드챔피언십 반짝,1.0
엔씨소프트,2021-02-22,손안에 게임 송편처럼 달콤한 아이템,0.0
엔씨소프트,2021-02-23,엔씨소프트 신입사원 명 채용,1.0
엔씨소프트,2021-02-24,넷마블 엔씨소프트 게임 대장주 나야 나,1.0
엔씨소프트,2021-02-25,엔씨 더 라스타바드 공개 개월만에 대규모 업데이트,2.0
엔씨소프트,2021-02-26,금융위 내년 봄 번째 인터넷은행 인가,0.0
엔씨소프트,2021-03-02,국감 확률형아이템 게임이용장애 뜨거운 논의 예고,1.0
엔씨소프트,2021-03-03,신세계 아모레퍼시픽 현대 채용 스타트 가스공사 등 공기업 곳 명 채용중,1.0
엔씨소프트,2021-03-04,삼성전자 분기 영업익 조 전망 기아차 삼성 등 깜짝실적 예고,1.0
엔씨소프트,2021-03-05,엔씨소프트 신작 러시로 시총 조원 회복 노린다,0.0
엔씨소프트,2021-03-08,사업장 체험 와 소통 확 달라진 채용,1.0
엔씨소프트,2021-03-09,그 게임 그 캐릭터 살아 있다 했더니 명량 찍은 그 기술이 열일,1.0
엔씨소프트,2021-03-10,마리오가 가상현실속으로 서울 강남에 스테이션 생긴다,1.0
엔씨소프트,2021-03-11,카카오 키즈 인방의 몰락,1.0
엔씨소프트,2021-03-12,전문가 포럼 영어와 코딩 미래 세대의 기초체력,1.0
엔씨소프트,2021-03-15,넷마블 엔씨소프트 게임 대장 경쟁 뜨겁네,1.0
엔씨소프트,2021-03-16,엔씨 신사업 하드코어 업데이트 로 공백 돌파,1.0
엔씨소프트,2021-03-17,국감 증인석 처음 서는 김택진,1.0
엔씨소프트,2021-03-18,김택진 국감 첫 소환 에 엔씨 휘청,1.0
엔씨소프트,2021-03-19,필수 증인 망신주기 월 국감철 기업인 줄 세우기 논란,1.0
엔씨소프트,2021-03-22,검 사려 돈 냈는데 돌멩이 당첨 확률형 게임아이템 국회서 일전,1.0
엔씨소프트,2021-03-23,게임업계 이달엔 국감장으로 출근,1.0
엔씨소프트,2021-03-24,구글 페북 애플 대표들 줄줄이 증언대,1.0
엔씨소프트,2021-03-25,차장칼럼 셧다운제의 데자뷔,0.0
엔씨소프트,2021-03-26,네이버 이해진 카카오 김범수 엔씨 김택진 인방 국감 증인 채택,1.0
엔씨소프트,2021-03-29,게임사 가을 공채 시즌 활짝 글로벌 인재 오세요,0.0
엔씨소프트,2021-03-30,게임업계 질병코드화 막아라 분주,1.0
엔씨소프트,2021-03-31,상장사 곳 중 곳 분기 실적 추정치 감소,2.0
엔씨소프트,2021-04-01,국내 기업인에 호통 글로벌 기업 솜방망이 국감 반복되나,1.0
엔씨소프트,2021-04-02,이슈분석 국감 뜨거운 감자 확률형아이템,1.0
엔씨소프트,2021-04-05,대그룹 총수 대신 유명인 선동열 백종원 국감 선다,1.0
엔씨소프트,2021-04-06,샨다와 분쟁 신작 부진 위메이드 주가 반토막,1.0
엔씨소프트,2021-04-07,총수 대신 경영 실무진 부르는 국감,1.0
엔씨소프트,2021-04-08,게임사 캐릭터 사업 영토 넓힌다,2.0
엔씨소프트,2021-04-09,포스트 차이나 로 뜨는 아세안 조 콘텐츠시장 금맥 캔다,1.0
엔씨소프트,2021-04-12,네오위즈 억원 블레스 필두로 해외 혈로 개척,1.0
엔씨소프트,2021-04-13,여 평화경제 야 민생파탄 정국 주도권 경쟁 스타트,1.0
엔씨소프트,2021-04-14,엔씨소프트 채용 궁금증 문 답,1.0
엔씨소프트,2021-04-15,컴투스 신작의 저주 비껴갈까,1.0
엔씨소프트,2021-04-16,하반기 국민연금 근심거리 종목 주목,1.0
엔씨소프트,2021-04-19,인기 게임 블레이드앤소울 모바일 버전 나온다,1.0
엔씨소프트,2021-04-20,넷마블 블소 레볼루션 월 일 출시 리니지 레볼루션 뛰어넘겠다,1.0
엔씨소프트,2021-04-21,블레이드 소울 레볼루션 월 출격,1.0
엔씨소프트,2021-04-22,베일 벗은 블소 레볼루션 대작 게임 진검승부 돌입,1.0
엔씨소프트,2021-04-23,넷마블 년 개발 모바일 대작 블레이드앤소울 레볼루션 공개,1.0
엔씨소프트,2021-04-26,로또 같은 희귀 아이템 뽑기 자율에 맡길까 법으로 막을까,1.0
엔씨소프트,2021-04-27,메가톤급 신작 줄줄이 출시 게임 마니아들 두근두근,1.0
엔씨소프트,2021-04-28,매년 수백억 사회공헌에 쓰는데 국감 게임사도 건강부담금 내야,1.0
엔씨소프트,2021-04-29,베일벗은 블소 레볼루션 리니지 레볼루션 뛰어넘겠다,1.0
엔씨소프트,2021-04-30,신작 부재 대형게임사 분기 실적 주춤,1.0
엔씨소프트,2021-05-03,일 만에 코리아 외친 외국인 담았다,1.0
엔씨소프트,2021-05-04,여성리더 릴레이 인터뷰 여성들의 사회생활 선순환 만들고 싶어,1.0
엔씨소프트,2021-05-06,자빠진 게임산업에 몰매 냉정함 찾아야,1.0
엔씨소프트,2021-05-07,사설 게임은 키워 나가야 할 성장산업,1.0
엔씨소프트,2021-05-10,개편으로 인터넷 엔터 게임 투자 늘 것,2.0
엔씨소프트,2021-05-11,문피아 엔씨소프트 부터 억원 투자유치,0.0
엔씨소프트,2021-05-12,분기 신작 봇물 게임 반등 모멘텀,1.0
엔씨소프트,2021-05-13,새로운 히트작 방정식 만화 게임 열풍,1.0
엔씨소프트,2021-05-14,엔씨소프트 와 웹툰 콘텐츠 제휴,1.0
엔씨소프트,2021-05-17,게임 배틀그라운드 성공 비결은 같은 글로벌 네트워크 덕분,1.0
엔씨소프트,2021-05-18,그 시절 게임 모바일로 쏟아지네,1.0
엔씨소프트,2021-05-20,오늘의 교수에서 전문 경영인으로 변신 김홍석 스토익엔터 대표,1.0
엔씨소프트,2021-05-21,네이버와 업체들의 노동 감수성을 묻는다 세상읽기,2.0
엔씨소프트,2021-05-24,역대 구글플레이에서 가장 많은 매출을 올린 게임은,1.0
엔씨소프트,2021-05-25,청소년 아이템 결제한도 설정 검토 김택진 엔씨소프트 대표,1.0
엔씨소프트,2021-05-26,엔씨소프트 콘텐츠 확보 전략적 투자 사업 확대,1.0
엔씨소프트,2021-05-27,확률아이템 사행성 논란에 김택진 리니지 금품 취득안해,1.0
엔씨소프트,2021-05-28,김택진 게임 사행성 논란에 모바일에 결제한도 도입을,1.0
엔씨소프트,2021-05-31,마켓인사이트 조정장서 주식 담는 글로벌 큰손들,1.0
엔씨소프트,2021-06-01,김택진 대표 청소년 결제 보호장치 필요 애플 구글 협조 언급,1.0
엔씨소프트,2021-06-02,엔씨소프트 통큰 투자 콘텐츠 발굴 가속,1.0
엔씨소프트,2021-06-03,엔씨소프트 등서 억 투자 받은 문피아 한국의 마블 될 것,1.0
엔씨소프트,2021-06-04,넷마블 자사주 효과 주가 % 쑥,1.0
엔씨소프트,2021-06-07,유료 게임아이템 논란 때문에 국감 출석한 김택진,1.0
엔씨소프트,2021-06-08,주가를 안정시켜라 자사주 사고 배당쏘는 기업들,1.0
엔씨소프트,2021-06-09,피규어 이모티콘 애니메이션 게임사 스타 키우기 총력,1.0
엔씨소프트,2021-06-10,투자 중국 기업 대약진 상위 대 기업중 개,1.0
엔씨소프트,2021-06-14,환불이 청소년 보호장치 업계 현실 너무 몰라,1.0
엔씨소프트,2021-06-15,모바일게임 청소년 결제한도 신설 추진,1.0
엔씨소프트,2021-06-16,주연보다 화제된 조연 국정감사 씬스틸러,1.0
엔씨소프트,2021-06-17,개 억 벤처 유니콘 향해 뛴다,1.0
엔씨소프트,2021-06-18,허성무 창원시장 기업 지원금 천억 조성 창원을 수소산업 기지로,1.0
엔씨소프트,2021-06-21,년째 되풀이되는 확률형 아이템 논란,1.0
엔씨소프트,2021-06-22,게임주 분기 저조한 성적 예상 분기는 밝다,1.0
엔씨소프트,2021-06-23,스포츠 시청자 메이저리그 넘었다,1.0
엔씨소프트,2021-06-24,디아블로 포트리스 게임 인기작 모바일로 재탄생,1.0
엔씨소프트,2021-06-25,게임업계 분기 실적 희비 어깨 무거워진 신작,1.0
엔씨소프트,2021-06-28,수내 정자 백현 분당 지도 변화,1.0
엔씨소프트,2021-06-29,엄근진 엔씨 표정 바꿔준 스푼즈,1.0
엔씨소프트,2021-06-30,게임사 빅 신작대전 막 올랐다,1.0
엔씨소프트,2021-07-01,대작 줄줄이 개봉박두 게임 두근두근,1.0
엔씨소프트,2021-07-02,넥슨 대작 트라하 또한번 일낸다 지스타서 공개,1.0
엔씨소프트,2021-07-05,내우외환 늪에 빠진 게임업계 외산게임 밀려오는데 국산게임은 활로 못찾고 두리번,1.0
엔씨소프트,2021-07-06,이재용 부회장 나델라 만나 삼성 마이크로소프트 협력,1.0
엔씨소프트,2021-07-07,이재용 나델라 클라우드 등 협력 공룡들 손잡았다,1.0
엔씨소프트,2021-07-08,억 투입 년 공들인 로스트아크 정식 출시,1.0
엔씨소프트,2021-07-09,인터넷기업협회 지스타 개 스타트업 전시부스 지원,0.0
엔씨소프트,2021-07-12,엔씨 모바일 신작 공개 원작 플랫폼 한계 넘는다,0.0
엔씨소프트,2021-07-13,엔씨 리니지 등 신작 모바일 종 쏟아낸다,1.0
엔씨소프트,2021-07-14,엔씨 모바일 신작 종 내년 게임시장 달군다,1.0
엔씨소프트,2021-07-15,엔씨 신작 종 공개 김택진 완성 혁신 에 도전,2.0
엔씨소프트,2021-07-16,김택진 모바일은 새 시험대,2.0
엔씨소프트,2021-07-19,최고가 최고를 만났다 삼성 협력,1.0
엔씨소프트,2021-07-20,신작으로 승부수 띄운 게임 빅,1.0
엔씨소프트,2021-07-21,빅 게임사 내년 신작 라인업 공개 모바일 대전 열린다,1.0
엔씨소프트,2021-07-22,게임업체는 손잡고 신작 개발 한국은 재탕 만,1.0
엔씨소프트,2021-07-23,내우외환 늪에 빠진 게임업계 모바일만 보지 말고 온라인 콘솔로 플랫폼 다변화해야,1.0
엔씨소프트,2021-07-26,게임업계 빅 신통찮은 분기 실적,1.0
엔씨소프트,2021-07-27,리니지 등 내년 모바일 게임 신작 편 내놓을 것,1.0
엔씨소프트,2021-07-28,넥슨 가파른 성장세 매출액 기준 게임 위 탈환 가시권,1.0
엔씨소프트,2021-07-29,전설의 게임을 모바일로 게임 코리아 부활하나,2.0
엔씨소프트,2021-07-30,장 중 기업공시 월 일,1.0
엔씨소프트,2021-08-02,빅 게임업체 분기 희비 교차,1.0
엔씨소프트,2021-08-03,리니지 블소 트라하 대형게임 신작 자존심 대결,1.0
엔씨소프트,2021-08-04,국민연금 주식투자 상위 곳중 곳 지분 줄여,1.0
엔씨소프트,2021-08-05,주 시간 직격탄 맞은 게임사 신작 못내고 우울한 성적,1.0
엔씨소프트,2021-08-06,게임업계 잔치는 끝났다 분기 실적 전망도 암울,1.0
엔씨소프트,2021-08-09,게임 신작랠리 주가 달굴까,1.0
엔씨소프트,2021-08-10,주 시간 상한제 탓 게임업계 빅 모바일게임 풀썩,1.0
엔씨소프트,2021-08-11,강주남 칼럼 흥청망청 성장 과실 따먹다 공든탑 무너질라,0.0
엔씨소프트,2021-08-12,실적보다 성장성 엔씨소프트에 꽂힌 증권사들,1.0
엔씨소프트,2021-08-13,게임 규제 피해 모바일 뛰어드는 게임업계,1.0
엔씨소프트,2021-08-17,지스타 하면 게임 클라우드도 있다,1.0
엔씨소프트,2021-08-18,막히고 내수 둔화 게임업계 공략,1.0
엔씨소프트,2021-08-19,삼성 유튜브 넷플릭스와 폴더블폰 생태계 만든다,2.0
엔씨소프트,2021-08-20,모바일로 변신한 대작 게임 지스타서 미리 만나세요,0.0
엔씨소프트,2021-08-23,게임업계 영역 플랫폼 확장으로 도약 노린다,1.0
엔씨소프트,2021-08-24,지스타 게임 신작 대거 쏟아져,1.0
엔씨소프트,2021-08-25,이마트 부산 지스타 서 친환경 게임 부스 운영,1.0
엔씨소프트,2021-08-26,게임 반등 이끌 가지 변수 신작 해외 콘솔,0.0
엔씨소프트,2021-08-27,부산 국제게임전시회 부스차린 이마트 왜,0.0
엔씨소프트,2021-08-30,넷마블 넥슨 진검승부 올 지스타의 별은 누구,1.0
엔씨소프트,2021-08-31,검찰 살해범 사형 요구에 법원 실질적 사형폐지국,1.0
엔씨소프트,2021-09-01,게임하고 환경도 지키고 만명이 함께해요,0.0
엔씨소프트,2021-09-02,이석우 블록체인은 혁명 미래를 바꾼다,1.0
엔씨소프트,2021-09-03,누적 코스피 사상 최대 실적 삼성전자 빼니 영업이익 감소 종합,1.0
엔씨소프트,2021-09-06,게임 자유자재 미래 보여준 지스타,1.0
엔씨소프트,2021-09-07,코스피기업 곳 중 곳 작년보다 돈 못 벌어,1.0
엔씨소프트,2021-09-08,실적시즌 마감 증시 덮친 어닝쇼크,1.0
엔씨소프트,2021-09-09,스타 메인스폰서는 미국 회사 층 전시관은 구글이 통째 사용,1.0
엔씨소프트,2021-09-10,일본의 문화식민지 될거란 공포심 에 맡기니 자연스레 극복,1.0
엔씨소프트,2021-09-13,뉴퍼플타임 돌봄 휴직제로 가족까지 챙기는 기업,1.0
엔씨소프트,2021-09-14,지스타 한국게임정책자율기구 출범 합리적 자율규제 시스템 마련,1.0
엔씨소프트,2021-09-15,판교 밸리의 복지 전쟁 초특급 어린이집 지어 인재 모신다,1.0
엔씨소프트,2021-09-16,현대 카카오 어닝쇼크 종목의 재발견,1.0
엔씨소프트,2021-09-17,의 인간 정복 바둑 넘어 스타크 로,1.0
엔씨소프트,2021-09-23,이번주 추천주 미중 정상회담 앞두고 눈치장세 저평가 실적주 부각,1.0
엔씨소프트,2021-09-24,상장사 몸값이 떨어진다,1.0
엔씨소프트,2021-09-27,지스타 포트나이트 배틀그라운드 후끈했던 지스타,1.0
엔씨소프트,2021-09-28,지스타 가 달군 불 게임 반등 모멘텀 될까,1.0
엔씨소프트,2021-09-29,지스타 박재민 넥슨 본부장 내년 모바일 경쟁 치열해진다,1.0
엔씨소프트,2021-09-30,분양현장 현대 힐스테이트 판교역,2.0
엔씨소프트,2021-10-01,손꼽아 기다리는 게임신작 원작보다 강렬한 블록버스터 모바일 몰려온다,1.0
엔씨소프트,2021-10-05,분양 돋보기 청약통장 필요없는 주거형 오피스텔 힐스테이트 판교역 분양,0.0
엔씨소프트,2021-10-06,시시비비 차라투스트라가 판교 테크노밸리에 말한다,1.0
엔씨소프트,2021-10-07,넷마블 엔씨소프트 연말연시 신작 게임대전 승자는,1.0
엔씨소프트,2021-10-08,우리은행 삼성전자 양성협업,1.0
엔씨소프트,2021-10-12,현대엔지니어링 힐스테이트 판교역 판교역 바로 연결 초역세권 주거 판매시설,0.0
엔씨소프트,2021-10-13,오피스텔 수익률 불황에도 대기업 산업단지 인근 소형은 강세,2.0
엔씨소프트,2021-10-14,엔씨소프트 장애인 일자리 창출 선도,1.0
엔씨소프트,2021-10-18,엔씨 자회사형 표준사업장 설립,1.0
엔씨소프트,2021-10-19,엔씨 장애인고용공단과 자회사형 표준사업장 설립 협약 체결,2.0
엔씨소프트,2021-10-20,벤처 억 기업 연봉 % 늘 동안 고용 % 찔끔증가,1.0
엔씨소프트,2021-10-21,이슈분석 대규모 장애 독점 체제 흔드나 하이브리드 시장도 주목,1.0
엔씨소프트,2021-10-22,제 밸리 준공 되면 혁신 클러스터 완성,1.0
엔씨소프트,2021-10-25,쇼트커버링 기대 커지는 종목 노려볼까,1.0
엔씨소프트,2021-10-26,리니지 모바일 최초 오픈월드 구현,1.0
엔씨소프트,2021-10-27,알파돔시티 마지막 주거형 오피스텔 힐스테이트 판교역,1.0
엔씨소프트,2021-10-28,나이인증 시동 건 앱스토어 게임사 웃을수 만 없는 이유,1.0
엔씨소프트,2021-11-01,힐스테이트 판교역 모델하우스에 만여명 몰렸다,2.0
엔씨소프트,2021-11-02,김택진 대표 엔씨는기술기업 개발자 연결 중요,1.0
엔씨소프트,2021-11-03,유 타고 신바람 난,1.0
엔씨소프트,2021-11-04,이슈분석 개인정보 소비처 로 뜬 게임 과거에는 유출경로,0.0
엔씨소프트,2021-11-05,알파돔시티 내 마지막 주거시설 힐스테이트 판교역 분양일정 돌입,2.0
엔씨소프트,2021-11-08,엔씨소프트,1.0
엔씨소프트,2021-11-09,엔씨소프트 넷마블 위 쟁탈전 치열,1.0
엔씨소프트,2021-11-10,엔씨소프트 게임 리니지 출시 년 누적 수익 천만영화 편 규모,0.0
엔씨소프트,2021-11-11,돌 맞은 엔씨 리니지 리마스터로 재출격,2.0
엔씨소프트,2021-11-12,리니지 주년 리마스터 공개,0.0
엔씨소프트,2021-11-15,풀 에 자동사냥까지 리니지 의 귀환,0.0
엔씨소프트,2021-11-16,대한민국 웃고울린 리니지 성년이 되다,2.0
엔씨소프트,2021-11-17,리니지 주년 천만영화 매년 두 편씩 찍은 셈,1.0
엔씨소프트,2021-11-18,캐릭터 인문학 한창완의 문화로 내일만들기,2.0
엔씨소프트,2021-11-19,리니지 년 권좌 비결 세가지 커뮤니티 업데이트 거래시스템,1.0
엔씨소프트,2021-11-22,서버실 물 차던 열악한 환경서 리니지 신화,1.0
엔씨소프트,2021-11-23,억 대작 로아 이어 블소 레볼루션 까지 흥행 돌풍 분다,0.0
엔씨소프트,2021-11-24,이번주 추천주 분기 실적 개선 기대 건설 엔씨소프트 등 관심,1.0
엔씨소프트,2021-11-25,로스트아크 온라인 게임 부활 이끈다,1.0
엔씨소프트,2021-11-26,상장사마다 미성년 주주 명,1.0
엔씨소프트,2021-11-29,부산 경제 콘텐츠로 활로 찾는다 제 포코팡 꿈꾼다 메이드 인 부산 게임 해외로 잰걸음,1.0
엔씨소프트,2021-11-30,엔씨소프트 내년부터 사상 최대 물량전 펼친다,1.0
엔씨소프트,2021-12-01,매출 억원 찍은 로스트아크,1.0
엔씨소프트,2021-12-03,엔씨 파이널 블레이드 겨울맞이 풍성한 이벤트,2.0
엔씨소프트,2021-12-06,시그널 일본 게임업체 해외기업 흥행 이어갈까,1.0
엔씨소프트,2021-12-07,신작인 듯 신작 아닌 유명 활용한 게임의 악순환,1.0
엔씨소프트,2021-12-08,신작게임 기대감에 넷마블 엔씨가 뜨겁다,1.0
엔씨소프트,2021-12-09,글로벌 경기침체 우려 음식료 통신 로 몰려,1.0
엔씨소프트,2021-12-10,기대작 블소 레볼루션 출시 넷마블 실적 반등 시동건다,1.0
엔씨소프트,2021-12-13,신작의 저주 소문에 사서 뉴스에 파는 게임,1.0
엔씨소프트,2021-12-14,넷마블 신작 출시날 % 급락,1.0
엔씨소프트,2021-12-15,신작 나왔는데 주가 % 넷마블 상승모멘텀 꺾이나,0.0
엔씨소프트,2021-12-16,블소 레볼루션 리니지 신화 다시 쓸까,1.0
엔씨소프트,2021-12-20,엔씨소프트 만화영상진흥원과 웹툰 공모전 개최,1.0
엔씨소프트,2021-12-21,게임 이 안됩니다,1.0
엔씨소프트,2021-12-22,결제 한도 완화 게임업계 숨통 틔울까,1.0
엔씨소프트,2021-12-23,엔씨소프트 한국만화영상진흥원과 웹툰 공모전 개최,1.0
엔씨소프트,2021-12-24,리서치센터 추천종목 올해 개 중 개 손실,1.0
엔씨소프트,2021-12-27,서경이 만난 사람 김명준 정책연구소장 벤처인들 은둔자로 남아선 안돼 젊은이들 롤모델 됐으면,1.0
엔씨소프트,2021-12-28,모바일 비켜 게임이 돌아왔다,1.0
엔씨소프트,2021-12-29,시대 백화점선 테마파크 안방선 도 극장 이 눈앞에,1.0
엔씨소프트,2021-12-30,엔씨소프트 리니지 등 모바일 투트랙 전략,1.0
엔씨소프트,2022-01-03,년 경기 안 좋다지만 휠라 한올바이오 황금돼지,2.0
엔씨소프트,2022-01-04,내년 게임 기지개 콘텐츠산업 효자로 다시 뜬다,1.0
엔씨소프트,2022-01-05,추억의 게임부터 해외 인기작까지 의 힘 승부수,0.0
엔씨소프트,2022-01-06,원스토어 월 매출 억원대 진입 국내 앱 강 약으로 재편,0.0
엔씨소프트,2022-01-07,바이오 엔터 게임 시총 왕좌의 게임,1.0
엔씨소프트,2022-01-10,모바일 주름잡은 게임 한류 콘솔버전 빅마켓 도전장,1.0
엔씨소프트,2022-01-11,코스닥 시총 기업 년새 % 감소,1.0
엔씨소프트,2022-01-12,작년 투자 억달러 년 연속 세계 위 지켰다,1.0
엔씨소프트,2022-01-13,희미해지는 게임 플랫폼 경계 클라우드 게이밍 시대 예고,1.0
엔씨소프트,2022-01-14,엔씨소프트 독야청청,0.0
엔씨소프트,2022-01-17,대차잔고 상위종목 지금이 바닥,1.0
엔씨소프트,2022-01-18,보고 즐기는 게임이 대세 스포츠시장 조 돌파,1.0
엔씨소프트,2022-01-19,쏟아지는 국산 게임 누가 끝판왕 될까,1.0
엔씨소프트,2022-01-20,게임시장 세계 위 한국의 굴욕,1.0
엔씨소프트,2022-01-21,대한민국은 매크로와 전쟁중 매크로 악용 처벌 힘들어 기업이 직접 계정 적발해 제재,1.0
엔씨소프트,2022-01-24,엔씨 게임 감상 유튜브 채널 개설,1.0
엔씨소프트,2022-01-25,게임 영상으로 즐기세요 유튜브 채널 오픈,1.0
엔씨소프트,2022-01-26,서 마주한 아이디어 대한민국 게임 미래를 즐기다,1.0
엔씨소프트,2022-01-27,공중 날고 다양한 검술 보유 마치 무협지를 옮긴 듯 호쾌한 액션,0.0
엔씨소프트,2022-01-28,게임업계 크리스마스 선물 쏜다,1.0
엔씨소프트,2022-02-03,진출 길 다시 열리나 게임 급등,1.0
엔씨소프트,2022-02-04,세대 취업시장에 기업들 랜선 채용 속도,1.0
엔씨소프트,2022-02-07,게임 대반격 시작된다,1.0
엔씨소프트,2022-02-08,인기 게임 후속작 모바일로,1.0
엔씨소프트,2022-02-09,명품 모바일로 돌아온다 년 신작게임 기대만발,1.0
엔씨소프트,2022-02-10,모바일게임 매출 상위 위 중 외국산 개,1.0
엔씨소프트,2022-02-11,한한령 돌파 서광 비친 게임주 약세장 구세주로 등판하나,0.0
엔씨소프트,2022-02-14,세계 최대 중국 게임시장 다시 열리는데 웃을 수 없는 국내 업계,1.0
엔씨소프트,2022-02-15,내년 코스피 버팀목은 건설,1.0
엔씨소프트,2022-02-16,키워드로 보는 게임산업 확률형아이템 게임장애 로 맞기만한 국감,0.0
엔씨소프트,2022-02-17,충무로에서 시대 변화에 대처하는 우리의 자세,1.0
엔씨소프트,2022-02-18,바이오 경기방어 시총 톱 진격 유통 게임 왕년 대장 복귀,1.0
엔씨소프트,2022-02-21,죽의 장막 다시 열린다 한국 게임 지금부터가 본게임,1.0
엔씨소프트,2022-02-22,수수료 % 주면 게임 아이템 대신 환불받아 드립니다,0.0
엔씨소프트,2022-02-23,글로벌 경기둔화 본격화 통신주 인프라 관련주가 방어막,1.0
엔씨소프트,2022-02-24,올해도 모바일게임 매출 위는 리니지,0.0
엔씨소프트,2022-02-25,내년엔 차전지 유커 귀환에 베팅해 볼까,1.0
엔씨소프트,2022-02-28,키워드로 보는 게임산업 끝 죽지않아 온라인,1.0
엔씨소프트,2022-03-02,생존본능 년생 주축 풍요의 해 연다,1.0
엔씨소프트,2022-03-03,폴더블폰 한국넘어 세계와 통한다,1.0
엔씨소프트,2022-03-04,새해 황금돼지 종목은 통신 게임 엔터테인먼트,0.0
엔씨소프트,2022-03-07,게임사 신작과 신기술로 영역 확대 새 먹거리 발굴,1.0
엔씨소프트,2022-03-10,노믹스 턴하라 혁신창업가 인에게 듣는다,2.0
엔씨소프트,2022-03-11,경제전문가 설문 최저임금 인상 경제악화 원인 % 정부 경제점수,1.0
엔씨소프트,2022-03-14,한국경제 혁신만이 살 길이다 올 한국경제 최우선 과제는 혁신성장 규제완화,1.0
엔씨소프트,2022-03-15,올해 유망종목 삼성전자 스튜디오드래곤,1.0
엔씨소프트,2022-03-16,경제전문가 설문 분리 규제 완화 가장 시급한 금융 과제 %,1.0
엔씨소프트,2022-03-17,경제전문가 설문 금리인상 신중해야 % 인상하더라도 회만 %,2.0
엔씨소프트,2022-03-18,경제전문가 설문 올 수출변수는 무역전쟁 %,1.0
엔씨소프트,2022-03-21,경제전문가 설문 소득주도성장 즉각 폐기하고 정부 과도한 시장개입 말아야,1.0
엔씨소프트,2022-03-22,리니지 아이온 블소 모바일로 엔씨 리니지 신화 이을까,1.0
엔씨소프트,2022-03-23,신작부재에 넥슨마저 매물 위기의 게임,1.0
엔씨소프트,2022-03-24,김정주 대표 지분 매각 소식에 넥슨 자회사들 상한가,1.0
엔씨소프트,2022-03-25,게임 위 넥슨 매각설 충격파 유력 인수업체는 어디,1.0
엔씨소프트,2022-03-28,김정주 떠나는 한국 게임시장 넷마블 등 대형업체도 흔들,1.0
엔씨소프트,2022-03-29,뉴스룸 신무경 광화문에 오신 것을 환영합니다,1.0
엔씨소프트,2022-03-30,판호 발급 재개에 기대감 커지는 게임,1.0
엔씨소프트,2022-03-31,줌인 게임 세대 창업자 김정주는 왜 넥슨을 내놨나,1.0
엔씨소프트,2022-04-01,두 번의 성공과 세 번의 좌절 김정주 마음 떠났다,1.0
엔씨소프트,2022-04-04,매물로 나온 게임 대표기업 넥슨 중국으로 팔려가나,1.0
엔씨소프트,2022-04-06,한국 게임 대표선수 넥슨 중국자본에 넘어가나,1.0
엔씨소프트,2022-04-05,횡설수설 김광현 넥슨 매각,1.0
엔씨소프트,2022-04-07,사설 넥슨 매각 또 하나의 미래 산업 낙오,1.0
엔씨소프트,2022-04-08,한국은 신사업 시작 전부터 규제 창업 꿈꾸는 서울대생 %뿐,1.0
엔씨소프트,2022-04-11,막강한 자본 앞세운 큰손 텐센트 넥슨까지 삼키나,1.0
엔씨소프트,2022-04-12,이 엄동설한에 목표주가 오른 게임 엔터 건설주 눈길,1.0
엔씨소프트,2022-04-13,신작 아이템 장착한 게임사 내우외환 먹구름 걷어낼까,1.0
엔씨소프트,2022-04-14,유일하게 % 성장했는데 더 안타까운 매각,1.0
엔씨소프트,2022-04-15,북미 일본 남들이 포기한 해외시장 개척한 넷마블,1.0
엔씨소프트,2022-04-18,채권금리 하락이 기회 개 기업 이달 회사채 조 발행,1.0
엔씨소프트,2022-04-19,방준혁 넷마블 이사회 의장 난 항상 세 젊은 창업가 정신 잃지 않을 것,1.0
엔씨소프트,2022-04-20,이런 펀드 어때요 이기는증권투자신탁 호 주식 대형주 성장주 투자,1.0
엔씨소프트,2022-04-21,사설 넥슨 매각에 텐센트 주목받는 뼈아픈 현실,1.0
엔씨소프트,2022-04-22,위기의 게임산업 판매허가 틀어막고 시장엔 자본침투 게임굴기 과 게임이 안된,0.0
엔씨소프트,2022-04-25,위기의 게임산업 인기 장르 개발에만 치중 외면 당하는 게임,1.0
엔씨소프트,2022-04-26,시그널 등급 기업도 실탄 확보 억만 곳,1.0
엔씨소프트,2022-04-27,이슈분석 급작스런 매각설 넥슨의 지금,1.0
엔씨소프트,2022-04-28,이달에만 회사채 큰 장 열린다,1.0
엔씨소프트,2022-04-29,넥슨노조 회사에 고용 안정 입장 표명 촉구,1.0
엔씨소프트,2022-05-02,블소 일까지 이벤트,1.0
엔씨소프트,2022-05-03,마케팅없이 억원 번 포켓몬고 국내 게임사도 활용 고심,1.0
엔씨소프트,2022-05-04,김정주의 꿈 넥슨월드 까지 동행 의 기업가정신 바라는 이유,1.0
엔씨소프트,2022-05-06,신규 게임 출시 빗장 푼 게임 허가는 언제,1.0
엔씨소프트,2022-05-09,살며 생각하며 자연과의 공존,1.0
엔씨소프트,2022-05-10,위기의 게임 흥행작 우려먹다 망한 서 배워라,1.0
엔씨소프트,2022-05-11,추억의 게임 라그나로크 모바일 흥행에 주가 배 껑충,1.0
엔씨소프트,2022-05-12,이번주 추천주 실적개선 기대감 높은 고려아연 현대 등 주목,0.0
엔씨소프트,2022-05-16,일 기업인들과 타운홀 미팅,0.0
엔씨소프트,2022-05-13,문 대통령 재계 총수 명 타운홀 미팅,2.0
엔씨소프트,2022-05-17,분기 잿빛 전망에 게임주 뚝,1.0
엔씨소프트,2022-05-18,재계간담회 정해진건 인사말뿐 회견식 즉석문답 한다,2.0
엔씨소프트,2022-05-19,리니지 블소 공통점은 대작 활용 성공,1.0
엔씨소프트,2022-05-20,총동문회 자랑스러운 동문상 수상자 인 선정,2.0
엔씨소프트,2022-05-23,내일 이재용 등과 경제 자유토론 한진 대림 부영은 제외,1.0
엔씨소프트,2022-05-24,문 대통령 대그룹 총수와 타운홀 미팅 일 청와대에서 기업인과 대화,1.0
엔씨소프트,2022-05-25,은수미 성남시장 성남 판교 아시아 실리콘밸리 잠재력 충분,1.0
엔씨소프트,2022-05-30,대통령 오늘 이재용 부회장 등 그룹 총수들과 만남,1.0
엔씨소프트,2022-05-31,카카오프렌즈처럼 엔씨 넷마블 캐릭터 알리기,1.0
엔씨소프트,2022-06-03,문 대통령 기업건의 반드시 답변 오늘 기업인 초청 타운홀미팅,1.0
엔씨소프트,2022-06-07,대통령 일 대그룹 총수와 첫 자유토론,1.0
엔씨소프트,2022-06-08,최저임금도 일거리 있어야 가능 정부 정책 작심 비판도,2.0
엔씨소프트,2022-06-09,대통령 기업인과의 대화 기업 기살리기 나선 대통령 고용 투자 앞장서달라,1.0
엔씨소프트,2022-06-10,문 대통령 재벌총수 일 계급장 떼고 자유토론,1.0
엔씨소프트,2022-06-13,기업 총수와 공개 토론 민노총 면담 성장 고용 끌어안기,0.0
엔씨소프트,2022-06-14,이재용 등 재계 명 대통령과 오늘 만남,1.0
엔씨소프트,2022-06-15,박용만 상의 회장 양복 상의 벗고 토론합시다 문재인 대통령 좋습니다,0.0
엔씨소프트,2022-06-16,파격의전 경제계와 더 가까이 박용만 상의탈의,1.0
엔씨소프트,2022-06-17,대통령 기업인과의 대화 삼성 공장 방문해 주십시오 언제든지 가겠습니다,1.0
엔씨소프트,2022-06-20,호프미팅 이후 년 개월 대통령 재계총수에 일자리 러브콜 종합,1.0
엔씨소프트,2022-06-22,자본시장 높은 이해도 발판 정 재계로 발넓히는 회계사들,1.0
엔씨소프트,2022-06-21,이재용 삼성공장 와주십시오 대규모 투자하면 얼마든지요,2.0
엔씨소프트,2022-06-23,넥슨 인수 조 쩐의 전쟁 텐센트 칼라일 속속 가세,2.0
엔씨소프트,2022-06-24,엔씨 복합문화공간 타이니 키즈카페 오픈,2.0
엔씨소프트,2022-06-27,쉽게 돈 버는 졸부 폄하 국감선 모욕 차라리 외톨이가 편했다,0.0
엔씨소프트,2022-06-28,스피릿위시 리니지 월드 겜덕들 손 쉴 틈이 없네,0.0
엔씨소프트,2022-06-29,기자 왜 벤처 세대는 안 나오려하죠 이재웅 많이 힘들어지니까요,1.0
엔씨소프트,2022-06-30,무엇이 인터넷벤처 창업자를 은둔자 로 만드나,0.0
엔씨소프트,2022-07-01,움츠러든 게임 올해 신작 내세워 반등 노린다,1.0
엔씨소프트,2022-07-04,발 빼는 제 인터넷은행 유력 후보들 흥행 빨간불,1.0
엔씨소프트,2022-07-05,참여 꺼리는 기업 제 인터넷은행 흥행 빨간불,1.0
엔씨소프트,2022-07-06,사설 돈 벌면 죄인 취급하는 사회 어느 창업자가 나서겠나,1.0
엔씨소프트,2022-07-07,주요 기업들 제 인터넷은행 신중,2.0
엔씨소프트,2022-07-08,오늘의 게임 이슈 고맙다 리니지 넷마블 글로벌 톱 진입,1.0
엔씨소프트,2022-07-11,사설 늑장 규제완화가 부른 제 인터넷은행 흥행 부진,1.0
엔씨소프트,2022-07-12,수출길 막힌 토종 중소게임사 대만서 숨통 틔우나,1.0
엔씨소프트,2022-07-13,엔씨 스푼즈 마카롱 택시와 브랜드 제휴 체결,1.0
엔씨소프트,2022-07-14,교보 키움증권 등 참여 관심 제 인터넷은행 다시 불 지핀다,1.0
엔씨소프트,2022-07-15,대한민국 게임 백서 모바일게임 매출 추월,1.0
엔씨소프트,2022-07-18,게임 고도화 시도 이어져 지능형 게임 시대 다가온다,1.0
엔씨소프트,2022-07-19,블록 터뷰 황성익 한국블록체인콘텐츠협회장 블록체인 업계 디앱 격전 가장 승산 큰 콘텐츠는 게임,1.0
엔씨소프트,2022-07-20,대기업 곳 국민연금 경영참여 사정권,1.0
엔씨소프트,2022-07-22,외인 기관 연초에도 승전가도 개인 연전연패,1.0
엔씨소프트,2022-07-21,폴더블폰 첫 게임은 누구 게임업계 물밑작업 한창,1.0
엔씨소프트,2022-07-26,넷마블 올해 월드로 승부수 리니지 벽 넘어설까,1.0
엔씨소프트,2022-07-27,중국발 훈풍에 환호하는 게임 대형주는 울상,1.0
엔씨소프트,2022-07-28,방준혁 의장 큰 그림 그린다 넷마블도 넥슨 인수전 가세,1.0
엔씨소프트,2022-07-29,김정주 김범수 방준혁 인수전서 만난 게임 세대,1.0
엔씨소프트,2022-08-01,넥슨 인수전 참여 넷마블 컨소시엄 기업은,1.0
엔씨소프트,2022-08-02,쏟아지는 아이템 두둑한 복주머니 설날 감당할 수 있겠습니까,1.0
엔씨소프트,2022-08-03,설 연휴 가족과 함께 게임 한판 서먹함도 풀고 아이템도 받고,2.0
엔씨소프트,2022-08-04,게임 단신,1.0
엔씨소프트,2022-08-08,넥슨 인수전 넷마블이 카카오보다 우위,1.0
엔씨소프트,2022-08-09,일 벤처기업인 만난다 이해진 김택진 등 명 안팎,2.0
엔씨소프트,2022-08-10,문재인 대통령 설 연휴 끝나자 경제행보 일 벤처기업인과 간담회,0.0
엔씨소프트,2022-08-11,유니콘기업 초청 혁신벤처기업인 간담회,1.0
엔씨소프트,2022-08-12,김택진 엔씨소프트 대표 정부 지원책 나올 때마다 시장 왜곡,0.0
엔씨소프트,2022-08-16,경청과 소통의 분 혁신벤처기업인 대통령 면전서 쓴소리 종합,1.0
엔씨소프트,2022-08-17,김택진 정부 지원때마다 오히려 시장 왜곡,1.0
엔씨소프트,2022-08-18,반기업 정서 빠른 시간내 해소될 것,1.0
엔씨소프트,2022-08-19,삼성 갤 에 해리포터 게임 탑재,1.0
엔씨소프트,2022-08-22,문 대통령 경제활력 올인 벤처기업인 자영업자와 소통,1.0
엔씨소프트,2022-08-23,문 대통령 국민들 의식 속 반기업 정서 빠른 시간 안에 해소될 것,1.0
엔씨소프트,2022-08-24,단독 넷마블 텐센트 큰손 와 연합 넥슨 인수 유력후보로 급부상,1.0
엔씨소프트,2022-08-25,이해진 국내 기업 역차별 해소를 김택진 정부 스마트해졌으면,1.0
엔씨소프트,2022-08-26,삼성 갤 에 해리포터 게임 탑재,1.0
엔씨소프트,2022-08-29,대통령 반기업 정서 빠른 시간 내에 해소될 것,1.0
엔씨소프트,2022-08-30,문 대통령 경제활력 올인 벤처기업인 자영업자와 소통,2.0
엔씨소프트,2022-08-31,대통령 일 벤처기업인들과 간담회,1.0
엔씨소프트,2022-09-01,문 대통령 벤처기업인 간담회 김택진 정부가 지원하더라도 시장경제 왜곡하면 안돼,1.0
엔씨소프트,2022-09-02,문 대통령 국민들 의식 속 반기업 정서 빠른 시간 안에 해소될 것,1.0
엔씨소프트,2022-09-05,스타트업 황금 동아줄 병역특례마저,1.0
엔씨소프트,2022-09-06,벌써 세번째 기업인 만나 공유경제 이슈 빠져 안타깝다,1.0
엔씨소프트,2022-09-07,청와대 간 벤처 세대 정부지원이 시장경제 왜곡 우려,1.0
엔씨소프트,2022-09-08,사설 대통령 벤처간담회 넘어 실질 혁신 내놔야,1.0
엔씨소프트,2022-09-13,국민연금 몰이로 주총서 기업 압박 여 초긴장,1.0
엔씨소프트,2022-09-15,넷마블 넥슨 인수전 참가에 강세,1.0
엔씨소프트,2022-09-16,장 마감 후 기업공시 월 일,1.0
엔씨소프트,2022-09-19,솔직한 자리였다 대통령 벤처기업인 간담회 뒷 얘기,0.0
엔씨소프트,2022-09-20,대통령 만난 김택진 이해진 국내 벤처 역차별 작심 발언,1.0
엔씨소프트,2022-09-21,쏟아지는 쓴소리를 으로 삼아 대통령 경제행보 월에도 쭉,1.0
엔씨소프트,2022-09-22,정책 나올때마다 시장왜곡 우려 주 시간도 또하나의 규제,1.0
엔씨소프트,2022-09-23,과감한 규제 혁신 시급 목소리 높인 벤처업계,0.0
엔씨소프트,2022-09-26,사설 역차별이 성장 막는다 는 벤처의 쓴소리,1.0
엔씨소프트,2022-09-27,사설 역차별이 성장 막는다 는 벤처의 쓴소리,1.0
엔씨소프트,2022-09-28,사설 대통령의 혁신성장 행보 실천 전략으로 이어져야,1.0
엔씨소프트,2022-09-29,사설 벤처와의 대화 쇼통 으로 끝나선 안 된다,2.0
엔씨소프트,2022-09-30,꽃피는 봄은 언제쯤 게임 빅 실적 부진에 무게,2.0
엔씨소프트,2022-10-04,엔씨소프트 스푼즈 홍대에 스푼즈 마 오픈,1.0
엔씨소프트,2022-10-05,대어 신한금융 토스 맞손 인터넷은행 판도 흔드나,1.0
엔씨소프트,2022-10-06,제 인터넷 늦게 뛰어든 신한 토스 와 시너지 낼까,1.0
엔씨소프트,2022-10-07,넷마블 카카오 국내 위 게임 넥슨은 누구 품에,1.0
엔씨소프트,2022-10-11,속도 빠르고 화면 분할 폴더블폰 전용게임 쏟아진다,0.0
엔씨소프트,2022-10-12,게임은 정보기술 음악 영상이 집약된 종합예술,1.0
엔씨소프트,2022-10-13,엔씨소프트 작년 영업익 억 사상 최대,0.0
엔씨소프트,2022-10-14,엔씨 넥슨 인수 관심없다,2.0
엔씨소프트,2022-10-17,엔씨소프트 작년 영업익 사상최대 찍었지만,1.0
엔씨소프트,2022-10-18,리니지 출시 미루고 넥슨 인수전 불참 숨고르는 엔씨,2.0
엔씨소프트,2022-10-19,잘나가는 엔씨 리니지 으로 상승세 잇는다,1.0
엔씨소프트,2022-10-20,엔씨소프트 실적 선방불구 신작지연 우려 주가 롤러코스터,1.0
엔씨소프트,2022-10-21,엔씨 타깃찾기 지속,1.0
엔씨소프트,2022-10-24,외화내빈 게임 폴더블폰서 활로 찾나,1.0
엔씨소프트,2022-10-25,게임 빅 매물로 나온 넥슨만 웃었다,1.0
엔씨소프트,2022-10-26,고맙다 게임사 로 날아오를 채비,1.0
엔씨소프트,2022-10-27,고맙다 게임사 로 날아오를 채비,1.0
엔씨소프트,2022-10-28,데스크 칼럼 부동산 시장 건강해졌나,1.0
엔씨소프트,2022-10-31,시장포화 신작부재 시름 깊어지는 게임,1.0
엔씨소프트,2022-11-01,인터넷 제약 바이오기업 등 플랫폼 업체 가장 선호,1.0
엔씨소프트,2022-11-02,매각 앞둔 넥슨 신작 쇼케이스 왜,2.0
엔씨소프트,2022-11-03,게임업계 총 맞은 성적표,0.0
엔씨소프트,2022-11-04,이슈분석 창사이래 최대 이익 속 분기 실적 감소 뚜렷 신작부재 부진 영향,2.0
엔씨소프트,2022-11-07,실적악화 주가하락 잔혹한 겨울 보낸 게임,1.0
엔씨소프트,2022-11-08,상장사 영업익 증가율 % % % 식어가는 성장엔진,1.0
엔씨소프트,2022-11-09,게임인가 마켓인가 지금까지 이런 컬래버는 없었다,1.0
엔씨소프트,2022-11-10,인기 신작 없었던 게임 빅 에 실적 좌지우지,1.0
엔씨소프트,2022-11-11,작년보단 쏠림 줄었지만 올해도 슈퍼 주총데이,2.0
엔씨소프트,2022-11-14,게임업계 동남아 유럽 뚫어라,0.0
엔씨소프트,2022-11-15,게임 지난해 실적부진에 흔들 키워드는 신작 모멘텀,2.0
엔씨소프트,2022-11-16,안에선 노조 밖에선 신사업 규제 판교 역동성 짓누른다,1.0
엔씨소프트,2022-11-17,일주일이면 회사설립 미래심장 판교 입주 배 껑충,2.0
엔씨소프트,2022-11-18,신작 늦어지자 넷마블 타격 엔씨 선방,0.0
엔씨소프트,2022-11-21,삼성 폴더블폰 일 첫 선 정사각형 세계 펼 킬러콘텐츠 온다,1.0
엔씨소프트,2022-11-22,뽑기 없애자 갓게임 칭송 헌드레드 소울로 착한게임 가능성 확인,1.0
엔씨소프트,2022-11-23,넥슨 스마트폰 게임 트라하 사전예약 이틀만에 만명 돌파,1.0
엔씨소프트,2022-11-24,기자수첩 특별할 게 없었던 대통령 창업가 만남,1.0
엔씨소프트,2022-11-25,최소 사양 높이는 모바일 게임 침체된 스마트폰 시장 도우미로,1.0
엔씨소프트,2022-11-28,엔씨소프트 리니지 올 상반기 일본 출시 번째 해외서비스,1.0
엔씨소프트,2022-11-29,넷마블서 손 뗀다 게임의 판을 흔드는 빅카드 줄줄이 게임산업 빅뱅 성큼,1.0
엔씨소프트,2022-11-30,파이낸셜포커스 키움뱅크냐 토스뱅크냐 제 인터넷 빅매치,2.0
엔씨소프트,2022-12-01,넷마블서 손 뗀다 빗나간 시장예측 재미 못본 이 방동맹,1.0
엔씨소프트,2022-12-02,매각 임박한 넥슨 정부 해외 팔릴까 예의주시 중,1.0
엔씨소프트,2022-12-06,사설 혁신성장 판교테크노밸리에서 보는 희망의 빛,1.0
엔씨소프트,2022-12-07,중국 대신 일본 게임사들 모바일 시장 공략 러시,1.0
엔씨소프트,2022-12-08,넷마블 카카오 넥슨 인수 파전,1.0
엔씨소프트,2022-12-09,엔씨소프트 음성으로 게임하는 시대 연다,1.0
엔씨소프트,2022-12-12,엔씨 리니지 무접속플레이 음성조종도 가능,1.0
엔씨소프트,2022-12-13,신작 쏟아낸 게임주 레벨업 기대,0.0
엔씨소프트,2022-12-14,무거운 책임감과 사명감 게임산업협회 회장 다시 맡은 강신철,2.0
엔씨소프트,2022-12-15,목소리로 캐릭터 조작 노 터치 게임이 온다,0.0
엔씨소프트,2022-12-16,원포인트 투자 레슨 넥슨 업체에 팔리면 게임 입지 좁아질듯,1.0
엔씨소프트,2022-12-19,게임대장주 넷마블 웃고 엔씨 울었다,1.0
엔씨소프트,2022-12-20,검은사막 모바일 리니지 열도 진출,1.0
엔씨소프트,2022-12-21,해외 게임사 한국서 수익만 올리고 자율규제는 나몰라라,1.0
엔씨소프트,2022-12-22,주식가격 국내 위 황제주 등극,1.0
엔씨소프트,2022-12-23,중국서 막힌 게임 신시장 개척 나서,1.0
엔씨소프트,2022-12-26,앱애니 년 전세계 상위 대 퍼블리셔에 국내 기업 개사 포함,1.0
엔씨소프트,2022-12-28,구글 경력 개발자 모시기 지속적 채용 노력 일환,1.0
엔씨소프트,2022-12-27,넥슨 트라하 리니지 개월 아성 깰까,1.0
엔씨소프트,2022-12-29,사외이사 독립성 확보 미흡 사추위내 오너일가 기업 곳,2.0
